"DITA File Path","Document Type","Schematron Name","Severity","Gate","Rule Code","Error / Warning Description"
"C:\Users\Metapercept\Desktop\Nilesh\New-MetR\metR-Converter-PDF\storage\942fd6d3-c493-46d0-baed-af39dd5278f0\pre-xslt-output\command_control_and_coordination_of_emergency_re.dita","CONCEPT","concept_structural_rules.sch","WARNING","Gate 2","MEDIA-002","[MEDIA-002] <image> should have an <alt> child for accessibility."
"C:\Users\Metapercept\Desktop\Nilesh\New-MetR\metR-Converter-PDF\storage\942fd6d3-c493-46d0-baed-af39dd5278f0\pre-xslt-output\command_control_and_coordination_of_emergency_re.dita","CONCEPT","concept_structural_rules.sch","WARNING","Gate 2","MEDIA-002","[MEDIA-002] <image> should have an <alt> child for accessibility."
"C:\Users\Metapercept\Desktop\Nilesh\New-MetR\metR-Converter-PDF\storage\942fd6d3-c493-46d0-baed-af39dd5278f0\pre-xslt-output\command_control_and_coordination_of_emergency_re.dita","CONCEPT","concept_structural_rules.sch","WARNING","Gate 2","MEDIA-002","[MEDIA-002] <image> should have an <alt> child for accessibility."
"C:\Users\Metapercept\Desktop\Nilesh\New-MetR\metR-Converter-PDF\storage\942fd6d3-c493-46d0-baed-af39dd5278f0\pre-xslt-output\command_control_and_coordination_of_emergency_re.dita","CONCEPT","concept_structural_rules.sch","WARNING","Gate 2","MEDIA-002","[MEDIA-002] <image> should have an <alt> child for accessibility."
"C:\Users\Metapercept\Desktop\Nilesh\New-MetR\metR-Converter-PDF\storage\942fd6d3-c493-46d0-baed-af39dd5278f0\pre-xslt-output\command_control_and_coordination_of_emergency_re.dita","CONCEPT","concept_structural_rules.sch","WARNING","Gate 2","MEDIA-002","[MEDIA-002] <image> should have an <alt> child for accessibility."
"C:\Users\Metapercept\Desktop\Nilesh\New-MetR\metR-Converter-PDF\storage\942fd6d3-c493-46d0-baed-af39dd5278f0\pre-xslt-output\command_control_and_coordination_of_emergency_re.dita","CONCEPT","concept_structural_rules.sch","WARNING","Gate 2","MEDIA-002","[MEDIA-002] <image> should have an <alt> child for accessibility."
"C:\Users\Metapercept\Desktop\Nilesh\New-MetR\metR-Converter-PDF\storage\942fd6d3-c493-46d0-baed-af39dd5278f0\pre-xslt-output\command_control_and_coordination_of_emergency_re.dita","CONCEPT","concept_structural_rules.sch","WARNING","Gate 2","MEDIA-002","[MEDIA-002] <image> should have an <alt> child for accessibility."
"C:\Users\Metapercept\Desktop\Nilesh\New-MetR\metR-Converter-PDF\storage\942fd6d3-c493-46d0-baed-af39dd5278f0\pre-xslt-output\command_control_and_coordination_of_emergency_re.dita","CONCEPT","concept_structural_rules.sch","WARNING","Gate 2","MEDIA-002","[MEDIA-002] <image> should have an <alt> child for accessibility."
"C:\Users\Metapercept\Desktop\Nilesh\New-MetR\metR-Converter-PDF\storage\942fd6d3-c493-46d0-baed-af39dd5278f0\pre-xslt-output\command_control_and_coordination_of_emergency_re.dita","CONCEPT","concept_structural_rules.sch","WARNING","Gate 2","MEDIA-007","[MEDIA-007] <fig> should have a <title> for figure numbering and cross-referencing."
"C:\Users\Metapercept\Desktop\Nilesh\New-MetR\metR-Converter-PDF\storage\942fd6d3-c493-46d0-baed-af39dd5278f0\pre-xslt-output\command_control_and_coordination_of_emergency_re.dita","CONCEPT","concept_structural_rules.sch","WARNING","Gate 2","MEDIA-007","[MEDIA-007] <fig> should have a <title> for figure numbering and cross-referencing."
"C:\Users\Metapercept\Desktop\Nilesh\New-MetR\metR-Converter-PDF\storage\942fd6d3-c493-46d0-baed-af39dd5278f0\pre-xslt-output\command_control_and_coordination_of_emergency_re.dita","CONCEPT","concept_structural_rules.sch","WARNING","Gate 2","MEDIA-007","[MEDIA-007] <fig> should have a <title> for figure numbering and cross-referencing."
"C:\Users\Metapercept\Desktop\Nilesh\New-MetR\metR-Converter-PDF\storage\942fd6d3-c493-46d0-baed-af39dd5278f0\pre-xslt-output\command_control_and_coordination_of_emergency_re.dita","CONCEPT","concept_structural_rules.sch","WARNING","Gate 2","MEDIA-007","[MEDIA-007] <fig> should have a <title> for figure numbering and cross-referencing."
"C:\Users\Metapercept\Desktop\Nilesh\New-MetR\metR-Converter-PDF\storage\942fd6d3-c493-46d0-baed-af39dd5278f0\pre-xslt-output\command_control_and_coordination_of_emergency_re.dita","CONCEPT","concept_structural_rules.sch","WARNING","Gate 2","MEDIA-007","[MEDIA-007] <fig> should have a <title> for figure numbering and cross-referencing."
"C:\Users\Metapercept\Desktop\Nilesh\New-MetR\metR-Converter-PDF\storage\942fd6d3-c493-46d0-baed-af39dd5278f0\pre-xslt-output\command_control_and_coordination_of_emergency_re.dita","CONCEPT","concept_structural_rules.sch","WARNING","Gate 2","MEDIA-007","[MEDIA-007] <fig> should have a <title> for figure numbering and cross-referencing."
"C:\Users\Metapercept\Desktop\Nilesh\New-MetR\metR-Converter-PDF\storage\942fd6d3-c493-46d0-baed-af39dd5278f0\pre-xslt-output\command_control_and_coordination_of_emergency_re.dita","CONCEPT","concept_structural_rules.sch","WARNING","Gate 2","MEDIA-007","[MEDIA-007] <fig> should have a <title> for figure numbering and cross-referencing."
"C:\Users\Metapercept\Desktop\Nilesh\New-MetR\metR-Converter-PDF\storage\942fd6d3-c493-46d0-baed-af39dd5278f0\pre-xslt-output\command_control_and_coordination_of_emergency_re.dita","CONCEPT","concept_structural_rules.sch","ERROR","Gate 2","","ERROR: 1171 consecutive <p> elements found more than 5 . These should be converted into a <ul>/<li> structure. First <p>: ""GOVERNMENT OF INDIA MINISTRY OF RAILWAYS (RAILWAY BOARD)"""
"C:\Users\Metapercept\Desktop\Nilesh\New-MetR\metR-Converter-PDF\storage\942fd6d3-c493-46d0-baed-af39dd5278f0\pre-xslt-output\command_control_and_coordination_of_emergency_re.dita","CONCEPT","concept_structural_rules.sch","ERROR","Gate 2","","ERROR: 1170 consecutive <p> elements found more than 5 . These should be converted into a <ul>/<li> structure. First <p>: ""Railway Stations, world wide, are located in prime city centres, as railways were started at a time when expansion of cities was yet to start. Railway station continues to be the focal point of central business district in all cities in the world."""
"C:\Users\Metapercept\Desktop\Nilesh\New-MetR\metR-Converter-PDF\storage\942fd6d3-c493-46d0-baed-af39dd5278f0\pre-xslt-output\command_control_and_coordination_of_emergency_re.dita","CONCEPT","concept_structural_rules.sch","ERROR","Gate 2","","ERROR: 1165 consecutive <p> elements found more than 5 . These should be converted into a <ul>/<li> structure. First <p>: ""keep records in this regard and also keep a watch on Shunting operations."""
"C:\Users\Metapercept\Desktop\Nilesh\New-MetR\metR-Converter-PDF\storage\942fd6d3-c493-46d0-baed-af39dd5278f0\pre-xslt-output\command_control_and_coordination_of_emergency_re.dita","CONCEPT","concept_structural_rules.sch","ERROR","Gate 2","","ERROR: 1164 consecutive <p> elements found more than 5 . These should be converted into a <ul>/<li> structure. First <p>: ""prior permission from his superiors."""
"C:\Users\Metapercept\Desktop\Nilesh\New-MetR\metR-Converter-PDF\storage\942fd6d3-c493-46d0-baed-af39dd5278f0\pre-xslt-output\command_control_and_coordination_of_emergency_re.dita","CONCEPT","concept_structural_rules.sch","ERROR","Gate 2","","ERROR: 1163 consecutive <p> elements found more than 5 . These should be converted into a <ul>/<li> structure. First <p>: ""VII Duty list and hours of duty:"""
"C:\Users\Metapercept\Desktop\Nilesh\New-MetR\metR-Converter-PDF\storage\942fd6d3-c493-46d0-baed-af39dd5278f0\pre-xslt-output\command_control_and_coordination_of_emergency_re.dita","CONCEPT","concept_structural_rules.sch","ERROR","Gate 2","","ERROR: 1162 consecutive <p> elements found more than 5 . These should be converted into a <ul>/<li> structure. First <p>: ""employment regulations in consultation with Sr.DOM/DOM/ Sr.DCM/DCM). Copies of these duty hours (roaster) must be displayed at each station"""
"C:\Users\Metapercept\Desktop\Nilesh\New-MetR\metR-Converter-PDF\storage\942fd6d3-c493-46d0-baed-af39dd5278f0\pre-xslt-output\command_control_and_coordination_of_emergency_re.dita","CONCEPT","concept_structural_rules.sch","ERROR","Gate 2","","ERROR: 1161 consecutive <p> elements found more than 5 . These should be converted into a <ul>/<li> structure. First <p>: ""only when properly relieved. Such duty hours shall not be exchanged without the permission of the Station Master."""
"C:\Users\Metapercept\Desktop\Nilesh\New-MetR\metR-Converter-PDF\storage\942fd6d3-c493-46d0-baed-af39dd5278f0\pre-xslt-output\command_control_and_coordination_of_emergency_re.dita","CONCEPT","concept_structural_rules.sch","ERROR","Gate 2","","ERROR: 1160 consecutive <p> elements found more than 5 . These should be converted into a <ul>/<li> structure. First <p>: ""attendance of staff at his station in Attendance Register."""
"C:\Users\Metapercept\Desktop\Nilesh\New-MetR\metR-Converter-PDF\storage\942fd6d3-c493-46d0-baed-af39dd5278f0\pre-xslt-output\command_control_and_coordination_of_emergency_re.dita","CONCEPT","concept_structural_rules.sch","ERROR","Gate 2","","ERROR: 1157 consecutive <p> elements found more than 5 . These should be converted into a <ul>/<li> structure. First <p>: ""train working without satisfying himself after detailed oral examination about the knowledge of concerned staff .He must satisfy that the employee –"""
"C:\Users\Metapercept\Desktop\Nilesh\New-MetR\metR-Converter-PDF\storage\942fd6d3-c493-46d0-baed-af39dd5278f0\pre-xslt-output\command_control_and_coordination_of_emergency_re.dita","CONCEPT","concept_structural_rules.sch","ERROR","Gate 2","","ERROR: 1156 consecutive <p> elements found more than 5 . These should be converted into a <ul>/<li> structure. First <p>: ""time, the pickup period is generally laid down by the DRM(Safety). However, following guidelines can be observed on first posting or when there is change of system/means of working of trains –"""
"C:\Users\Metapercept\Desktop\Nilesh\New-MetR\metR-Converter-PDF\storage\942fd6d3-c493-46d0-baed-af39dd5278f0\pre-xslt-output\command_control_and_coordination_of_emergency_re.dita","CONCEPT","concept_structural_rules.sch","ERROR","Gate 2","","ERROR: 1155 consecutive <p> elements found more than 5 . These should be converted into a <ul>/<li> structure. First <p>: ""If employee fails to give declaration in fixed period, he must be directed for Refresher Training at his expense."""
"C:\Users\Metapercept\Desktop\Nilesh\New-MetR\metR-Converter-PDF\storage\942fd6d3-c493-46d0-baed-af39dd5278f0\pre-xslt-output\command_control_and_coordination_of_emergency_re.dita","CONCEPT","concept_structural_rules.sch","ERROR","Gate 2","","ERROR: 1151 consecutive <p> elements found more than 5 . These should be converted into a <ul>/<li> structure. First <p>: ""including telephone /mobile phone no. of each member of the staff employed at his station."""
"C:\Users\Metapercept\Desktop\Nilesh\New-MetR\metR-Converter-PDF\storage\942fd6d3-c493-46d0-baed-af39dd5278f0\pre-xslt-output\command_control_and_coordination_of_emergency_re.dita","CONCEPT","concept_structural_rules.sch","ERROR","Gate 2","","ERROR: 1150 consecutive <p> elements found more than 5 . These should be converted into a <ul>/<li> structure. First <p>: ""contractors coolies or any other persons working at station other than railway employees must be maintained along with their up to date address and telephone nos, blood group if available and office copy of their Photo Identity cards. Entry of such persons into station area will be permitted only after checking the I Card. Public and Staff notices for exhibition: The following Notices and Publications, besides those, which may be ordered from time to time, shall be exhibited at each station in conspicuous places."""
"C:\Users\Metapercept\Desktop\Nilesh\New-MetR\metR-Converter-PDF\storage\942fd6d3-c493-46d0-baed-af39dd5278f0\pre-xslt-output\command_control_and_coordination_of_emergency_re.dita","CONCEPT","concept_structural_rules.sch","ERROR","Gate 2","","ERROR: 1149 consecutive <p> elements found more than 5 . These should be converted into a <ul>/<li> structure. First <p>: ""The Station Manager must be careful to see that out dated timetables and notices are removed and replaced with current ones. He should also ensure that the telephone nos. are updated from time to time. Exhibition of public advertisements:"""
"C:\Users\Metapercept\Desktop\Nilesh\New-MetR\metR-Converter-PDF\storage\942fd6d3-c493-46d0-baed-af39dd5278f0\pre-xslt-output\command_control_and_coordination_of_emergency_re.dita","CONCEPT","concept_structural_rules.sch","ERROR","Gate 2","","ERROR: 1148 consecutive <p> elements found more than 5 . These should be converted into a <ul>/<li> structure. First <p>: ""other form should not be allowed to be exhibited at any place within the station limit or premises without the written permission of the competent officer of commercial publicity branch etc. The Station Master will maintain a register showing full particulars of each advertisement exhibited at the station in the prescribed form."""
"C:\Users\Metapercept\Desktop\Nilesh\New-MetR\metR-Converter-PDF\storage\942fd6d3-c493-46d0-baed-af39dd5278f0\pre-xslt-output\command_control_and_coordination_of_emergency_re.dita","CONCEPT","concept_structural_rules.sch","ERROR","Gate 2","","ERROR: 1145 consecutive <p> elements found more than 5 . These should be converted into a <ul>/<li> structure. First <p>: ""available to staff for reference. (G&SR 2.01, 5.02 and 5.03.)"""
"C:\Users\Metapercept\Desktop\Nilesh\New-MetR\metR-Converter-PDF\storage\942fd6d3-c493-46d0-baed-af39dd5278f0\pre-xslt-output\command_control_and_coordination_of_emergency_re.dita","CONCEPT","concept_structural_rules.sch","ERROR","Gate 2","","ERROR: 1144 consecutive <p> elements found more than 5 . These should be converted into a <ul>/<li> structure. First <p>: ""maintained and that they are not used for purposes other than those for which they are printed and supplied."""
"C:\Users\Metapercept\Desktop\Nilesh\New-MetR\metR-Converter-PDF\storage\942fd6d3-c493-46d0-baed-af39dd5278f0\pre-xslt-output\command_control_and_coordination_of_emergency_re.dita","CONCEPT","concept_structural_rules.sch","ERROR","Gate 2","","ERROR: 1143 consecutive <p> elements found more than 5 . These should be converted into a <ul>/<li> structure. First <p>: ""submission in time."""
"C:\Users\Metapercept\Desktop\Nilesh\New-MetR\metR-Converter-PDF\storage\942fd6d3-c493-46d0-baed-af39dd5278f0\pre-xslt-output\command_control_and_coordination_of_emergency_re.dita","CONCEPT","concept_structural_rules.sch","ERROR","Gate 2","","ERROR: 1142 consecutive <p> elements found more than 5 . These should be converted into a <ul>/<li> structure. First <p>: ""Station Records:"""
"C:\Users\Metapercept\Desktop\Nilesh\New-MetR\metR-Converter-PDF\storage\942fd6d3-c493-46d0-baed-af39dd5278f0\pre-xslt-output\command_control_and_coordination_of_emergency_re.dita","CONCEPT","concept_structural_rules.sch","ERROR","Gate 2","","ERROR: 1141 consecutive <p> elements found more than 5 . These should be converted into a <ul>/<li> structure. First <p>: ""commencement and completion."""
"C:\Users\Metapercept\Desktop\Nilesh\New-MetR\metR-Converter-PDF\storage\942fd6d3-c493-46d0-baed-af39dd5278f0\pre-xslt-output\command_control_and_coordination_of_emergency_re.dita","CONCEPT","concept_structural_rules.sch","ERROR","Gate 2","","ERROR: 1140 consecutive <p> elements found more than 5 . These should be converted into a <ul>/<li> structure. First <p>: ""safe from irregular handling or removal by any unauthorised person."""
"C:\Users\Metapercept\Desktop\Nilesh\New-MetR\metR-Converter-PDF\storage\942fd6d3-c493-46d0-baed-af39dd5278f0\pre-xslt-output\command_control_and_coordination_of_emergency_re.dita","CONCEPT","concept_structural_rules.sch","ERROR","Gate 2","","ERROR: 1139 consecutive <p> elements found more than 5 . These should be converted into a <ul>/<li> structure. First <p>: ""records pertaining to court cases/enquiries must not be destroyed until the DRM’s permission is obtained."""
"C:\Users\Metapercept\Desktop\Nilesh\New-MetR\metR-Converter-PDF\storage\942fd6d3-c493-46d0-baed-af39dd5278f0\pre-xslt-output\command_control_and_coordination_of_emergency_re.dita","CONCEPT","concept_structural_rules.sch","ERROR","Gate 2","","ERROR: 1136 consecutive <p> elements found more than 5 . These should be converted into a <ul>/<li> structure. First <p>: ""Hand Book for gateman"""
"C:\Users\Metapercept\Desktop\Nilesh\New-MetR\metR-Converter-PDF\storage\942fd6d3-c493-46d0-baed-af39dd5278f0\pre-xslt-output\command_control_and_coordination_of_emergency_re.dita","CONCEPT","concept_structural_rules.sch","ERROR","Gate 2","","ERROR: 1135 consecutive <p> elements found more than 5 . These should be converted into a <ul>/<li> structure. First <p>: ""Filing of Operating Circulars:"""
"C:\Users\Metapercept\Desktop\Nilesh\New-MetR\metR-Converter-PDF\storage\942fd6d3-c493-46d0-baed-af39dd5278f0\pre-xslt-output\command_control_and_coordination_of_emergency_re.dita","CONCEPT","concept_structural_rules.sch","ERROR","Gate 2","","ERROR: 1134 consecutive <p> elements found more than 5 . These should be converted into a <ul>/<li> structure. First <p>: ""moderately literate staff, Station Master must record that circulars etc. have been correctly explained."""
"C:\Users\Metapercept\Desktop\Nilesh\New-MetR\metR-Converter-PDF\storage\942fd6d3-c493-46d0-baed-af39dd5278f0\pre-xslt-output\command_control_and_coordination_of_emergency_re.dita","CONCEPT","concept_structural_rules.sch","ERROR","Gate 2","","ERROR: 1130 consecutive <p> elements found more than 5 . These should be converted into a <ul>/<li> structure. First <p>: ""and see that all letters are replied without delay."""
"C:\Users\Metapercept\Desktop\Nilesh\New-MetR\metR-Converter-PDF\storage\942fd6d3-c493-46d0-baed-af39dd5278f0\pre-xslt-output\command_control_and_coordination_of_emergency_re.dita","CONCEPT","concept_structural_rules.sch","ERROR","Gate 2","","ERROR: 1129 consecutive <p> elements found more than 5 . These should be converted into a <ul>/<li> structure. First <p>: ""reply with a copy placed in a file."""
"C:\Users\Metapercept\Desktop\Nilesh\New-MetR\metR-Converter-PDF\storage\942fd6d3-c493-46d0-baed-af39dd5278f0\pre-xslt-output\command_control_and_coordination_of_emergency_re.dita","CONCEPT","concept_structural_rules.sch","ERROR","Gate 2","","ERROR: 1128 consecutive <p> elements found more than 5 . These should be converted into a <ul>/<li> structure. First <p>: ""This must be adhered to in all subsequent correspondence when replying to correspondence; reference must be made to the letter number under reply."""
"C:\Users\Metapercept\Desktop\Nilesh\New-MetR\metR-Converter-PDF\storage\942fd6d3-c493-46d0-baed-af39dd5278f0\pre-xslt-output\command_control_and_coordination_of_emergency_re.dita","CONCEPT","concept_structural_rules.sch","ERROR","Gate 2","","ERROR: 1127 consecutive <p> elements found more than 5 . These should be converted into a <ul>/<li> structure. First <p>: ""any difficulty in supplying the required information, the receipt of the letter must be acknowledged and matter referred to the DRM,"""
"C:\Users\Metapercept\Desktop\Nilesh\New-MetR\metR-Converter-PDF\storage\942fd6d3-c493-46d0-baed-af39dd5278f0\pre-xslt-output\command_control_and_coordination_of_emergency_re.dita","CONCEPT","concept_structural_rules.sch","ERROR","Gate 2","","ERROR: 1126 consecutive <p> elements found more than 5 . These should be converted into a <ul>/<li> structure. First <p>: ""model draft will ensure that language used is polite, respectful and courteous. It should be written legibly at stations not having computers"""
"C:\Users\Metapercept\Desktop\Nilesh\New-MetR\metR-Converter-PDF\storage\942fd6d3-c493-46d0-baed-af39dd5278f0\pre-xslt-output\command_control_and_coordination_of_emergency_re.dita","CONCEPT","concept_structural_rules.sch","ERROR","Gate 2","","ERROR: 1125 consecutive <p> elements found more than 5 . These should be converted into a <ul>/<li> structure. First <p>: ""their own remarks, while forwarding such letters."""
"C:\Users\Metapercept\Desktop\Nilesh\New-MetR\metR-Converter-PDF\storage\942fd6d3-c493-46d0-baed-af39dd5278f0\pre-xslt-output\command_control_and_coordination_of_emergency_re.dita","CONCEPT","concept_structural_rules.sch","ERROR","Gate 2","","ERROR: 1124 consecutive <p> elements found more than 5 . These should be converted into a <ul>/<li> structure. First <p>: ""Booking/Parcel offices etc. may be marked by the Station Master for the In charge concerned, but the Station Master shall be personally responsible for the early compliance of such letters."""
"C:\Users\Metapercept\Desktop\Nilesh\New-MetR\metR-Converter-PDF\storage\942fd6d3-c493-46d0-baed-af39dd5278f0\pre-xslt-output\command_control_and_coordination_of_emergency_re.dita","CONCEPT","concept_structural_rules.sch","ERROR","Gate 2","","ERROR: 1115 consecutive <p> elements found more than 5 . These should be converted into a <ul>/<li> structure. First <p>: ""and the year in which they are to be destroyed should be excluded. (ii) Record pertaining to Court Cases, departmental enquiries should not be destroyed till three years from the date the case is decided. (iii) Record pertaining to public claims etc., or those under reference from Home or other railways, should not be destroyed without permission from DRM concerned. Most of these registers can be computerised, clubbed & some can be eliminated ~~~~~~~"""
"C:\Users\Metapercept\Desktop\Nilesh\New-MetR\metR-Converter-PDF\storage\942fd6d3-c493-46d0-baed-af39dd5278f0\pre-xslt-output\command_control_and_coordination_of_emergency_re.dita","CONCEPT","concept_structural_rules.sch","ERROR","Gate 2","","ERROR: 1103 consecutive <p> elements found more than 5 . These should be converted into a <ul>/<li> structure. First <p>: ""Engineering Account"""
"C:\Users\Metapercept\Desktop\Nilesh\New-MetR\metR-Converter-PDF\storage\942fd6d3-c493-46d0-baed-af39dd5278f0\pre-xslt-output\command_control_and_coordination_of_emergency_re.dita","CONCEPT","concept_structural_rules.sch","ERROR","Gate 2","","ERROR: 1102 consecutive <p> elements found more than 5 . These should be converted into a <ul>/<li> structure. First <p>: ""Miscellaneous Account:"""
"C:\Users\Metapercept\Desktop\Nilesh\New-MetR\metR-Converter-PDF\storage\942fd6d3-c493-46d0-baed-af39dd5278f0\pre-xslt-output\command_control_and_coordination_of_emergency_re.dita","CONCEPT","concept_structural_rules.sch","ERROR","Gate 2","","ERROR: 1101 consecutive <p> elements found more than 5 . These should be converted into a <ul>/<li> structure. First <p>: ""Train Ordering: Scheduled passenger trains do not require train ordering"""
"C:\Users\Metapercept\Desktop\Nilesh\New-MetR\metR-Converter-PDF\storage\942fd6d3-c493-46d0-baed-af39dd5278f0\pre-xslt-output\command_control_and_coordination_of_emergency_re.dita","CONCEPT","concept_structural_rules.sch","ERROR","Gate 2","","ERROR: 1093 consecutive <p> elements found more than 5 . These should be converted into a <ul>/<li> structure. First <p>: ""To facilitate passengers boarding, generally an important long distance passenger train should be placed on the platform 30 minutes/15 minutes before its scheduled departure, depending upon the terminal layout."""
"C:\Users\Metapercept\Desktop\Nilesh\New-MetR\metR-Converter-PDF\storage\942fd6d3-c493-46d0-baed-af39dd5278f0\pre-xslt-output\command_control_and_coordination_of_emergency_re.dita","CONCEPT","concept_structural_rules.sch","ERROR","Gate 2","","ERROR: 1089 consecutive <p> elements found more than 5 . These should be converted into a <ul>/<li> structure. First <p>: ""Trains:"""
"C:\Users\Metapercept\Desktop\Nilesh\New-MetR\metR-Converter-PDF\storage\942fd6d3-c493-46d0-baed-af39dd5278f0\pre-xslt-output\command_control_and_coordination_of_emergency_re.dita","CONCEPT","concept_structural_rules.sch","ERROR","Gate 2","","ERROR: 1088 consecutive <p> elements found more than 5 . These should be converted into a <ul>/<li> structure. First <p>: ""(vi) Two anti-telescopic or steel-bodied coaches should be marshalled inside the anti- telescopic or steel-bodied SLRs at both ends."""
"C:\Users\Metapercept\Desktop\Nilesh\New-MetR\metR-Converter-PDF\storage\942fd6d3-c493-46d0-baed-af39dd5278f0\pre-xslt-output\command_control_and_coordination_of_emergency_re.dita","CONCEPT","concept_structural_rules.sch","ERROR","Gate 2","","ERROR: 1086 consecutive <p> elements found more than 5 . These should be converted into a <ul>/<li> structure. First <p>: ""The Railway Board has permitted marshalling of three coaches in front and rear of the SLR on short trains, provided they have working brakes and subject to two end coaches at either side are anti- telescopic. An Inspection Carriage may be attached as fourth trailer coach on such trains."""
"C:\Users\Metapercept\Desktop\Nilesh\New-MetR\metR-Converter-PDF\storage\942fd6d3-c493-46d0-baed-af39dd5278f0\pre-xslt-output\command_control_and_coordination_of_emergency_re.dita","CONCEPT","concept_structural_rules.sch","ERROR","Gate 2","","ERROR: 1085 consecutive <p> elements found more than 5 . These should be converted into a <ul>/<li> structure. First <p>: ""VPs LRs, WLRRMs and other coaching vehicles, which do not carry passengers may be marshalled as operationally convenient. Inspection carriage, whether anti-telescopic/steel-bodied or not and occupied or being worked empty may be marshalled as operationally convenient."""
"C:\Users\Metapercept\Desktop\Nilesh\New-MetR\metR-Converter-PDF\storage\942fd6d3-c493-46d0-baed-af39dd5278f0\pre-xslt-output\command_control_and_coordination_of_emergency_re.dita","CONCEPT","concept_structural_rules.sch","ERROR","Gate 2","","ERROR: 1084 consecutive <p> elements found more than 5 . These should be converted into a <ul>/<li> structure. First <p>: ""Reserved bogies occupied by passengers and Inspection Carriages/ Saloons occupied by VIPs should be treated as a passenger coach and marshalled accordingly."""
"C:\Users\Metapercept\Desktop\Nilesh\New-MetR\metR-Converter-PDF\storage\942fd6d3-c493-46d0-baed-af39dd5278f0\pre-xslt-output\command_control_and_coordination_of_emergency_re.dita","CONCEPT","concept_structural_rules.sch","ERROR","Gate 2","","ERROR: 1082 consecutive <p> elements found more than 5 . These should be converted into a <ul>/<li> structure. First <p>: ""Block Rake Composition: For block rake composition and marshalling order, 'Normal composition and marshalling order and rake link of passenger trains' are issued by COMs of respective railways from time to time."""
"C:\Users\Metapercept\Desktop\Nilesh\New-MetR\metR-Converter-PDF\storage\942fd6d3-c493-46d0-baed-af39dd5278f0\pre-xslt-output\command_control_and_coordination_of_emergency_re.dita","CONCEPT","concept_structural_rules.sch","ERROR","Gate 2","","ERROR: 1078 consecutive <p> elements found more than 5 . These should be converted into a <ul>/<li> structure. First <p>: ""Attaching of Vehicles outside the Rear Brakevan :"""
"C:\Users\Metapercept\Desktop\Nilesh\New-MetR\metR-Converter-PDF\storage\942fd6d3-c493-46d0-baed-af39dd5278f0\pre-xslt-output\command_control_and_coordination_of_emergency_re.dita","CONCEPT","concept_structural_rules.sch","ERROR","Gate 2","","ERROR: 1075 consecutive <p> elements found more than 5 . These should be converted into a <ul>/<li> structure. First <p>: ""ATTACHMENT OF DEAD LOCOMOTIVES"""
"C:\Users\Metapercept\Desktop\Nilesh\New-MetR\metR-Converter-PDF\storage\942fd6d3-c493-46d0-baed-af39dd5278f0\pre-xslt-output\command_control_and_coordination_of_emergency_re.dita","CONCEPT","concept_structural_rules.sch","ERROR","Gate 2","","ERROR: 1073 consecutive <p> elements found more than 5 . These should be converted into a <ul>/<li> structure. First <p>: ""In the case of vacuum braked train, vacuum pipe of locomotive shall be connected with vacuum train pipe of trailing stock and the dead locomotive shall be treated as a piped vehicle. If the locomotive is fitted with pure air braked system and vacuum pipe is not provided on locomotive then it should be attached with air braked trains only."""
"C:\Users\Metapercept\Desktop\Nilesh\New-MetR\metR-Converter-PDF\storage\942fd6d3-c493-46d0-baed-af39dd5278f0\pre-xslt-output\command_control_and_coordination_of_emergency_re.dita","CONCEPT","concept_structural_rules.sch","ERROR","Gate 2","","ERROR: 1072 consecutive <p> elements found more than 5 . These should be converted into a <ul>/<li> structure. First <p>: ""Movement of maximum three locomotives (2 working+1 dead) with load is permissible subject to observations of all restrictions on operation of double/triple headed working locomotives in the section provided that brakes in dead locomotives are operational."""
"C:\Users\Metapercept\Desktop\Nilesh\New-MetR\metR-Converter-PDF\storage\942fd6d3-c493-46d0-baed-af39dd5278f0\pre-xslt-output\command_control_and_coordination_of_emergency_re.dita","CONCEPT","concept_structural_rules.sch","ERROR","Gate 2","","ERROR: 1070 consecutive <p> elements found more than 5 . These should be converted into a <ul>/<li> structure. First <p>: ""Escorting of locomotives (diesel as well as electric) attached to freight and passenger carrying trains is not necessary if the brakes including proportionate are fully operational and the dead locomotive is attached next to the train engine. The dead locomotive will continue to be escorted if attached in the rear of brake van or has defect in undergear equipment."""
"C:\Users\Metapercept\Desktop\Nilesh\New-MetR\metR-Converter-PDF\storage\942fd6d3-c493-46d0-baed-af39dd5278f0\pre-xslt-output\command_control_and_coordination_of_emergency_re.dita","CONCEPT","concept_structural_rules.sch","ERROR","Gate 2","","ERROR: 1061 consecutive <p> elements found more than 5 . These should be converted into a <ul>/<li> structure. First <p>: ""Trains, generally run from the train-originating Terminal to the final destination. This is an express stream of freight trains and does not require any stoppage en route, except for crew change. Such trains will normally include container trains, air braked block rakes for single destination. These trains are planned to run like non stop Rajdhani trains and may have a fixed timetable and guaranteed transit time. This group may include trains of private freight operators. Other through trains –Are also block rakes or may have two or more destinations on the same or adjacent section. These may have conventional bogie stock"""
"C:\Users\Metapercept\Desktop\Nilesh\New-MetR\metR-Converter-PDF\storage\942fd6d3-c493-46d0-baed-af39dd5278f0\pre-xslt-output\command_control_and_coordination_of_emergency_re.dita","CONCEPT","concept_structural_rules.sch","ERROR","Gate 2","","ERROR: 1060 consecutive <p> elements found more than 5 . These should be converted into a <ul>/<li> structure. First <p>: ""These train movements are for short distances for clearance of damaged wagons made fit or for supply/removal of rakes to and from the sidings or important terminals served by a yard."""
"C:\Users\Metapercept\Desktop\Nilesh\New-MetR\metR-Converter-PDF\storage\942fd6d3-c493-46d0-baed-af39dd5278f0\pre-xslt-output\command_control_and_coordination_of_emergency_re.dita","CONCEPT","concept_structural_rules.sch","ERROR","Gate 2","","ERROR: 1059 consecutive <p> elements found more than 5 . These should be converted into a <ul>/<li> structure. First <p>: ""These include Material Trains, Track maintenance trains, Ballast trains, Relief Trains, Wiring Special, Crane Specials etc. are known as departmental trains."""
"C:\Users\Metapercept\Desktop\Nilesh\New-MetR\metR-Converter-PDF\storage\942fd6d3-c493-46d0-baed-af39dd5278f0\pre-xslt-output\command_control_and_coordination_of_emergency_re.dita","CONCEPT","concept_structural_rules.sch","ERROR","Gate 2","","ERROR: 1058 consecutive <p> elements found more than 5 . These should be converted into a <ul>/<li> structure. First <p>: ""Freight operation is generally more complex than passenger train operations for the following reasons:"""
"C:\Users\Metapercept\Desktop\Nilesh\New-MetR\metR-Converter-PDF\storage\942fd6d3-c493-46d0-baed-af39dd5278f0\pre-xslt-output\command_control_and_coordination_of_emergency_re.dita","CONCEPT","concept_structural_rules.sch","ERROR","Gate 2","","ERROR: 1057 consecutive <p> elements found more than 5 . These should be converted into a <ul>/<li> structure. First <p>: ""production, changes in the pattern of distribution and changed consumption centres."""
"C:\Users\Metapercept\Desktop\Nilesh\New-MetR\metR-Converter-PDF\storage\942fd6d3-c493-46d0-baed-af39dd5278f0\pre-xslt-output\command_control_and_coordination_of_emergency_re.dita","CONCEPT","concept_structural_rules.sch","ERROR","Gate 2","","ERROR: 1056 consecutive <p> elements found more than 5 . These should be converted into a <ul>/<li> structure. First <p>: ""This in turn results in -Sick Wagon detachments & attachment of fit wagons for completing the rake composition."""
"C:\Users\Metapercept\Desktop\Nilesh\New-MetR\metR-Converter-PDF\storage\942fd6d3-c493-46d0-baed-af39dd5278f0\pre-xslt-output\command_control_and_coordination_of_emergency_re.dita","CONCEPT","concept_structural_rules.sch","ERROR","Gate 2","","ERROR: 1055 consecutive <p> elements found more than 5 . These should be converted into a <ul>/<li> structure. First <p>: ""terminal or at other location, withdrawal from loading points may require an outward examination unless the rake is fit for round trip or for a prescribed distance."""
"C:\Users\Metapercept\Desktop\Nilesh\New-MetR\metR-Converter-PDF\storage\942fd6d3-c493-46d0-baed-af39dd5278f0\pre-xslt-output\command_control_and_coordination_of_emergency_re.dita","CONCEPT","concept_structural_rules.sch","ERROR","Gate 2","","ERROR: 1053 consecutive <p> elements found more than 5 . These should be converted into a <ul>/<li> structure. First <p>: ""This cyclic operation requires constant monitoring and co-ordination."""
"C:\Users\Metapercept\Desktop\Nilesh\New-MetR\metR-Converter-PDF\storage\942fd6d3-c493-46d0-baed-af39dd5278f0\pre-xslt-output\command_control_and_coordination_of_emergency_re.dita","CONCEPT","concept_structural_rules.sch","ERROR","Gate 2","","ERROR: 1052 consecutive <p> elements found more than 5 . These should be converted into a <ul>/<li> structure. First <p>: ""The power plan indicates the daily average number of locos required and planned for freight services section wise for each division This bare requirement of Locos for Traffic use is calculated on the basis of the traffic turn round and average number of trains run on each section This represents the average number of locos needed on the Division."""
"C:\Users\Metapercept\Desktop\Nilesh\New-MetR\metR-Converter-PDF\storage\942fd6d3-c493-46d0-baed-af39dd5278f0\pre-xslt-output\command_control_and_coordination_of_emergency_re.dita","CONCEPT","concept_structural_rules.sch","ERROR","Gate 2","","ERROR: 1051 consecutive <p> elements found more than 5 . These should be converted into a <ul>/<li> structure. First <p>: ""Loco Outage means the average number of locos available to traffic use in a day (24 hours). Since the Diesel and Electric Locos have long extended runs and may cover many divisions in a day, the position may be maintained graphically for the entire duration (0 to 24 hours) the loco is on line on the Division. Different colour graphic representation on Bar Chart can represent the time spent by each Loco to serve as a good Management Information System e.g. (a) time taken by running train (b) time taken for Crew Changing (c) time for Fuelling (Diesel Locos) (d) time taken for Loco inspection (e) time for repairs on line"""
"C:\Users\Metapercept\Desktop\Nilesh\New-MetR\metR-Converter-PDF\storage\942fd6d3-c493-46d0-baed-af39dd5278f0\pre-xslt-output\command_control_and_coordination_of_emergency_re.dita","CONCEPT","concept_structural_rules.sch","ERROR","Gate 2","","ERROR: 1050 consecutive <p> elements found more than 5 . These should be converted into a <ul>/<li> structure. First <p>: ""route detention. Thus, the total hours for which the various Locos were available for Traffic use divided by 24 (number of hours in a day) would give the Loco outage. Loco outage = Engine Hours for traffic use 24 Loco outage can be prepared service-wise/shed-wise/railway-wise, traction wise etc. The actual Loco outage should generally be around the target fixed for each Division. However, it should be appreciated that while the target is based on average, the actual requirement of Locos may fluctuate due to bunching of trains, increase in traffic or due to bottlenecks on account of operational reasons, equipment failure or after effect of interruption to traffic."""
"C:\Users\Metapercept\Desktop\Nilesh\New-MetR\metR-Converter-PDF\storage\942fd6d3-c493-46d0-baed-af39dd5278f0\pre-xslt-output\command_control_and_coordination_of_emergency_re.dita","CONCEPT","concept_structural_rules.sch","ERROR","Gate 2","","ERROR: 1049 consecutive <p> elements found more than 5 . These should be converted into a <ul>/<li> structure. First <p>: ""Electric and Diesel Locos are maintained by the respective Loco Sheds and Locos once turned out of shed are available for utilisation for a number of days till prescribed maintenance/inspection schedule is due in the shed or the locos require out of course repairs. Thus, while the operating staff has the operational control over utilisation of Locos as well as flexibility of using the Locos as per operational requirement, they have to keep in view the maintenance/inspection schedules of the Locos and send the Locos to the Shed well in time. Overdue running of locos should be avoided by suitably planning the train running. Similarly, all out efforts should be made to send the dead locos or locos requiring attention in the home shed. The hauling capacity of the Locos and special restrictions as jointly agreed to by the officers of operations and loco departments should also be adhered to."""
"C:\Users\Metapercept\Desktop\Nilesh\New-MetR\metR-Converter-PDF\storage\942fd6d3-c493-46d0-baed-af39dd5278f0\pre-xslt-output\command_control_and_coordination_of_emergency_re.dita","CONCEPT","concept_structural_rules.sch","ERROR","Gate 2","","ERROR: 1047 consecutive <p> elements found more than 5 . These should be converted into a <ul>/<li> structure. First <p>: ""Running staff for Goods operations are generally booked on the principle of first in and first out, Balancing of Crews/Guards by sending staff spare is also required to be done in case the running of trains is not even in both directions on a section."""
"C:\Users\Metapercept\Desktop\Nilesh\New-MetR\metR-Converter-PDF\storage\942fd6d3-c493-46d0-baed-af39dd5278f0\pre-xslt-output\command_control_and_coordination_of_emergency_re.dita","CONCEPT","concept_structural_rules.sch","ERROR","Gate 2","","ERROR: 1046 consecutive <p> elements found more than 5 . These should be converted into a <ul>/<li> structure. First <p>: ""Theoretically, on a double line section, a Goods Train can always be run when load, power and crew are available and the next block section is clear. On single line sections despatching a train out of path, will be counter productive, due to Mail/Express Blocks, Peak timings of Suburban or Commuter traffic. Readiness of the interchange point or the terminal to accept the trains are to be kept in view before pushing a goods train ahead. It is better to have directional flow if possible. Master Charts incorporating all Passenger carrying trains and realistic goods train paths are prepared in consultation with Operating Officers, Controllers, Yard Staff, Power Controller, Station Masters of important stations etc. in order to:"""
"C:\Users\Metapercept\Desktop\Nilesh\New-MetR\metR-Converter-PDF\storage\942fd6d3-c493-46d0-baed-af39dd5278f0\pre-xslt-output\command_control_and_coordination_of_emergency_re.dita","CONCEPT","concept_structural_rules.sch","ERROR","Gate 2","","ERROR: 1045 consecutive <p> elements found more than 5 . These should be converted into a <ul>/<li> structure. First <p>: ""Iii To prepare tentative goods train time table for selected express stream of trains."""
"C:\Users\Metapercept\Desktop\Nilesh\New-MetR\metR-Converter-PDF\storage\942fd6d3-c493-46d0-baed-af39dd5278f0\pre-xslt-output\command_control_and_coordination_of_emergency_re.dita","CONCEPT","concept_structural_rules.sch","ERROR","Gate 2","","ERROR: 1044 consecutive <p> elements found more than 5 . These should be converted into a <ul>/<li> structure. First <p>: ""A Lobby is like a Control Office in the field. It is established with the twin aim of reducing engine detention and crew detention in a Yard or a Crew or engine changing station by realistic ordering of trains and Crew/Guard booking. It is advantageous to have a combined Crew and Guard booking lobby so that both are available simultaneously. The lobby supervisors/staff can take forecast of a train running from the Deputy Controller/Section Controller along with details regarding the names of Crew, Guard and their signing in time, loco particulars, last C&W examination etc. They can verify the dates of Loco Schedules from the Chart available with them and keep liaison with the Power Controller/TLC. They also keep watch on “expect” of train formation, examination, readiness etc. and by constant chasing, planning and updating of information, trains are ordered on realistic expect, Trains may be put back or cancelled, if required and Crew booking and engine allocation changed promptly. Some overlapping Crew/Guard may also be kept in the Lobby to take care of the last minute absenteeism. Shunters may also be kept in the Lobby of big yards/junctions to attach, detach, and run round locos or to pull the Train from Yards upto the Crew changing points, so as to avoid wastage of main line Loco pilots. The pre-departure detention to the Crew, Crew hours balancing, rescheduling of Locos and Yard detentions to Locos can be thoroughly monitored by the Lobby and remedial measures taken."""
"C:\Users\Metapercept\Desktop\Nilesh\New-MetR\metR-Converter-PDF\storage\942fd6d3-c493-46d0-baed-af39dd5278f0\pre-xslt-output\command_control_and_coordination_of_emergency_re.dita","CONCEPT","concept_structural_rules.sch","ERROR","Gate 2","","ERROR: 1043 consecutive <p> elements found more than 5 . These should be converted into a <ul>/<li> structure. First <p>: ""Large number of agencies play important role in freight operation. Marshalling Yards, Train Examination, Locomotives and Lobbies have been discussed elsewhere in this Manual. Role of a few agencies is discussed below with special reference to freight operations."""
"C:\Users\Metapercept\Desktop\Nilesh\New-MetR\metR-Converter-PDF\storage\942fd6d3-c493-46d0-baed-af39dd5278f0\pre-xslt-output\command_control_and_coordination_of_emergency_re.dita","CONCEPT","concept_structural_rules.sch","ERROR","Gate 2","","ERROR: 1042 consecutive <p> elements found more than 5 . These should be converted into a <ul>/<li> structure. First <p>: ""The main function of the Control Office is planning, execution and review with all the three activities going on simultaneously."""
"C:\Users\Metapercept\Desktop\Nilesh\New-MetR\metR-Converter-PDF\storage\942fd6d3-c493-46d0-baed-af39dd5278f0\pre-xslt-output\command_control_and_coordination_of_emergency_re.dita","CONCEPT","concept_structural_rules.sch","ERROR","Gate 2","","ERROR: 1041 consecutive <p> elements found more than 5 . These should be converted into a <ul>/<li> structure. First <p>: ""Information regarding the following items is generally required for this purpose:"""
"C:\Users\Metapercept\Desktop\Nilesh\New-MetR\metR-Converter-PDF\storage\942fd6d3-c493-46d0-baed-af39dd5278f0\pre-xslt-output\command_control_and_coordination_of_emergency_re.dita","CONCEPT","concept_structural_rules.sch","ERROR","Gate 2","","ERROR: 1040 consecutive <p> elements found more than 5 . These should be converted into a <ul>/<li> structure. First <p>: ""The plan is made by Control in the early hours of morning and reviewed by Operating Officers. Changes in the plan, as deemed necessary are made at various stages on the basis of updated information received from the activity centres, adjacent divisions and instructions received from the Head Quarters."""
"C:\Users\Metapercept\Desktop\Nilesh\New-MetR\metR-Converter-PDF\storage\942fd6d3-c493-46d0-baed-af39dd5278f0\pre-xslt-output\command_control_and_coordination_of_emergency_re.dita","CONCEPT","concept_structural_rules.sch","ERROR","Gate 2","","ERROR: 1039 consecutive <p> elements found more than 5 . These should be converted into a <ul>/<li> structure. First <p>: ""The goods operation plan is executed on the basis of actual materialisation. of the forecast with suitable adjustments made for short falls /excesses. Yards, Loco Sheds, Stations, Terminals, Lobbies and TXR depots are actively involved in execution of the plan."""
"C:\Users\Metapercept\Desktop\Nilesh\New-MetR\metR-Converter-PDF\storage\942fd6d3-c493-46d0-baed-af39dd5278f0\pre-xslt-output\command_control_and_coordination_of_emergency_re.dita","CONCEPT","concept_structural_rules.sch","ERROR","Gate 2","","ERROR: 1038 consecutive <p> elements found more than 5 . These should be converted into a <ul>/<li> structure. First <p>: ""The trend of the day’s position is reviewed by the Chief Controllers and Officers in the afternoon. Detailed review of the previous day’s performance is carried out early in the morning by the Operating Officers with the following objectives:"""
"C:\Users\Metapercept\Desktop\Nilesh\New-MetR\metR-Converter-PDF\storage\942fd6d3-c493-46d0-baed-af39dd5278f0\pre-xslt-output\command_control_and_coordination_of_emergency_re.dita","CONCEPT","concept_structural_rules.sch","ERROR","Gate 2","","ERROR: 1037 consecutive <p> elements found more than 5 . These should be converted into a <ul>/<li> structure. First <p>: ""The Division’s Freight Operations generally require close co-ordination and assistance from other Divisions and Railways. While direct contact is also maintained by the Control and Operating Officers of various Divisions, the Zonal Head Quarters play a pivotal role in this respect. Some of the functions performed by the Head Quarters are summarised below:"""
"C:\Users\Metapercept\Desktop\Nilesh\New-MetR\metR-Converter-PDF\storage\942fd6d3-c493-46d0-baed-af39dd5278f0\pre-xslt-output\command_control_and_coordination_of_emergency_re.dita","CONCEPT","concept_structural_rules.sch","ERROR","Gate 2","","ERROR: 1036 consecutive <p> elements found more than 5 . These should be converted into a <ul>/<li> structure. First <p>: ""Railways is obtained through line and stock report daily telephonically or through FOIS or Teleprinter or FAX to the Head Quarters (Central Control) from Divisional Control. Now more and more zones and Railway Board are shifting to FOIS generated reports."""
"C:\Users\Metapercept\Desktop\Nilesh\New-MetR\metR-Converter-PDF\storage\942fd6d3-c493-46d0-baed-af39dd5278f0\pre-xslt-output\command_control_and_coordination_of_emergency_re.dita","CONCEPT","concept_structural_rules.sch","ERROR","Gate 2","","ERROR: 1032 consecutive <p> elements found more than 5 . These should be converted into a <ul>/<li> structure. First <p>: ""detailed conference with the Operating Officers, and in terms of Railway Boards current-operating directives Head Quarters issues directions and instructions regarding the following items:"""
"C:\Users\Metapercept\Desktop\Nilesh\New-MetR\metR-Converter-PDF\storage\942fd6d3-c493-46d0-baed-af39dd5278f0\pre-xslt-output\command_control_and_coordination_of_emergency_re.dita","CONCEPT","concept_structural_rules.sch","ERROR","Gate 2","","ERROR: 1031 consecutive <p> elements found more than 5 . These should be converted into a <ul>/<li> structure. First <p>: ""The Railway Board provides Unity of Control and direction for the freight operations. It also has the important role of supervision and co-ordination, which is very much essential for a big network like Indian Railways. The Railway Board’s Control Office also remains in contact with the Head Quarter (Central Controls) of the Zonal Head Quarters and watches loading and movement of important streams of traffic, like coal, raw material for steel plants (iron ore), cement, food grains, fertilisers, POL, sugar, export ores, container traffic etc. It also watches loading, interchange, power position, goods train running on important sections etc. to ensure that each Railway fulfils its obligation and optimises the use of various assets. The items watched are more or less the same as those watched by the Zonal Head Quarters in respect of the Divisions, but the perspective is wider. Railway Board plays an important co-ordinating role between various Railways and other Central Government Departments and vital sectors of Economy connected with Railways. Policy formulation and Planning, which have important bearing on Freight Operations is also the major function of the Railway board."""
"C:\Users\Metapercept\Desktop\Nilesh\New-MetR\metR-Converter-PDF\storage\942fd6d3-c493-46d0-baed-af39dd5278f0\pre-xslt-output\command_control_and_coordination_of_emergency_re.dita","CONCEPT","concept_structural_rules.sch","ERROR","Gate 2","","ERROR: 1030 consecutive <p> elements found more than 5 . These should be converted into a <ul>/<li> structure. First <p>: ""The Commercial Department plays an important role in canvassing for Traffic, improving marketing, customer relations in general, booking of traffic, expediting loading/unloading of wagons, quick disposal of unconnected wagons and transhipment of Wagon detached out of course for Hot Axles etc. The various other Departments like Mechanical, Electrical, Civil Engineering and S&T provide and maintain various assets and infrastructure (track, wagons, engines, S&T Network etc.). These departments also ensure sufficient availability, reliability, predictability, safety and reduction in equipment failures; promptness in restoration in case of breakdowns and accidents should also be ensured. They also endeavour for the achievements in technology upgradation along with the operating strategies and determine the level of excellence in Railway Operations to a great extent. In nutshell, all the functionaries have to work as a dedicated team."""
"C:\Users\Metapercept\Desktop\Nilesh\New-MetR\metR-Converter-PDF\storage\942fd6d3-c493-46d0-baed-af39dd5278f0\pre-xslt-output\command_control_and_coordination_of_emergency_re.dita","CONCEPT","concept_structural_rules.sch","ERROR","Gate 2","","ERROR: 1029 consecutive <p> elements found more than 5 . These should be converted into a <ul>/<li> structure. First <p>: ""The important Operating Statistics, most of which are indices of Operating efficiency, have been discussed in detail later in this Manual (Operating Statistics). Some Indices of Freight Operations and efficiency are highlighted below:"""
"C:\Users\Metapercept\Desktop\Nilesh\New-MetR\metR-Converter-PDF\storage\942fd6d3-c493-46d0-baed-af39dd5278f0\pre-xslt-output\command_control_and_coordination_of_emergency_re.dita","CONCEPT","concept_structural_rules.sch","ERROR","Gate 2","","ERROR: 1028 consecutive <p> elements found more than 5 . These should be converted into a <ul>/<li> structure. First <p>: ""For a given amount of originating loading and receipts of loaded wagons from other Railways and making an allowance for percentage of stock out of commission for repairs, etc., there is an optimum number of wagons that a Railway, and separately its constituent divisions, should hold to maintain the fluidity of transport system. More wagons than the optimum number might lead to increase in the repairs and maintenance percentage, heavier detentions to wagons and trains and transport bottlenecks, i.e. more"""
"C:\Users\Metapercept\Desktop\Nilesh\New-MetR\metR-Converter-PDF\storage\942fd6d3-c493-46d0-baed-af39dd5278f0\pre-xslt-output\command_control_and_coordination_of_emergency_re.dita","CONCEPT","concept_structural_rules.sch","ERROR","Gate 2","","ERROR: 1026 consecutive <p> elements found more than 5 . These should be converted into a <ul>/<li> structure. First <p>: ""Maintenance of the interchange target is an indication of a Railway’s overall operating performance and its efforts to meet inter railway obligations, hence interchange balance should not be very high, even when maximum trains are interchanged. However, attempts should be made to see that on busy sections, interchange is not only confined to few hours of the day but uniformly distributed."""
"C:\Users\Metapercept\Desktop\Nilesh\New-MetR\metR-Converter-PDF\storage\942fd6d3-c493-46d0-baed-af39dd5278f0\pre-xslt-output\command_control_and_coordination_of_emergency_re.dita","CONCEPT","concept_structural_rules.sch","ERROR","Gate 2","","ERROR: 1025 consecutive <p> elements found more than 5 . These should be converted into a <ul>/<li> structure. First <p>: ""A train is a unit of transport. Depending upon the load, suitable loco is provided for its haulage. In order to get the optimum use of motive power and to increase the capacity utilisation and throughput, each Locomotive is given a load approximately to the maximum hauling capacity, unless operating necessity requires utilisation of a loco for lesser load. The stations should also ensure that wagons are loaded to the carrying capacity or the minimum weight prescribed for some commodities."""
"C:\Users\Metapercept\Desktop\Nilesh\New-MetR\metR-Converter-PDF\storage\942fd6d3-c493-46d0-baed-af39dd5278f0\pre-xslt-output\command_control_and_coordination_of_emergency_re.dita","CONCEPT","concept_structural_rules.sch","ERROR","Gate 2","","ERROR: 1024 consecutive <p> elements found more than 5 . These should be converted into a <ul>/<li> structure. First <p>: ""To optimise the loading is one of the most important items in freight operations because it is through loading that Railway earns the maximum revenue. Similarly, unloading is necessary so that wagon becomes available for next loading. Reducing the time taken for loading/unloading by technology upgradation and other strategies in co-ordination with the customers has to be endeavored."""
"C:\Users\Metapercept\Desktop\Nilesh\New-MetR\metR-Converter-PDF\storage\942fd6d3-c493-46d0-baed-af39dd5278f0\pre-xslt-output\command_control_and_coordination_of_emergency_re.dita","CONCEPT","concept_structural_rules.sch","ERROR","Gate 2","","ERROR: 1023 consecutive <p> elements found more than 5 . These should be converted into a <ul>/<li> structure. First <p>: ""Ideally it is waste of transport capacity to run a wagon empty or with light load, but much of empty running is inescapable on account of the unbalanced nature and quantity of outward and inward traffic at terminals and necessity of supplying empty wagons. Certain special type of wagons for POL, Steel, Coal, Natural Gas, Ammonia, LPG etc. have to be generally run empty to the loading points. Operating skill lies in avoiding or reducing the extent of empty haulage and cross movements of similar type of empty stock."""
"C:\Users\Metapercept\Desktop\Nilesh\New-MetR\metR-Converter-PDF\storage\942fd6d3-c493-46d0-baed-af39dd5278f0\pre-xslt-output\command_control_and_coordination_of_emergency_re.dita","CONCEPT","concept_structural_rules.sch","ERROR","Gate 2","","ERROR: 1022 consecutive <p> elements found more than 5 . These should be converted into a <ul>/<li> structure. First <p>: ""Despatching of wagons in small numbers always means transit delay while a block load can go direct to the farthest destination skipping many yards, thereby eliminating detention that the wagons might have suffered in the intermediate yards. Piecemeal wagons passing through a number of marshalling yards, where they have to be combined with other wagons to form train loads, cause huge amount of work for the staff and result in loss of efficiency, avoidable delay, anxiety and uncertainty regarding their arrival at destination. Unit train movement, i.e. a train load consigned by single consignee to single consignor, is ideal. Consignees can also be motivated to club their Indents to get trainload and block rakes. Also two points loading on same engine run can improve wagon usage. Close circuit rake movement can also be resorted to between selected pair of stations or rakes. Maintaining the purity of freight rakes has also to be ensured."""
"C:\Users\Metapercept\Desktop\Nilesh\New-MetR\metR-Converter-PDF\storage\942fd6d3-c493-46d0-baed-af39dd5278f0\pre-xslt-output\command_control_and_coordination_of_emergency_re.dita","CONCEPT","concept_structural_rules.sch","ERROR","Gate 2","","ERROR: 1021 consecutive <p> elements found more than 5 . These should be converted into a <ul>/<li> structure. First <p>: ""It is an age-old principle of operations that full train loads should be formed at the earliest point for the longest possible distance. Long distance trains should have least stoppages like long distance passenger trains. Trains can also be run as “crack trains” or Link Train. A crack train/Link Train is a train when the same crew (and engine if possible) instead of “Signing off” at the intermediate crew changing point works a train to farther junction. Thus, a train running from Ujjain to Godhra or vice versa without Crew/Guard change at Ratlam can be run as X ‘Crack’. The Crew can also be utilised on ‘Crack’ basis when the same Crew perform a round trip without “Signing off” at the outstation and is promptly provided a load so that Crew returns to its Head Quarters within normal duty hours."""
"C:\Users\Metapercept\Desktop\Nilesh\New-MetR\metR-Converter-PDF\storage\942fd6d3-c493-46d0-baed-af39dd5278f0\pre-xslt-output\command_control_and_coordination_of_emergency_re.dita","CONCEPT","concept_structural_rules.sch","ERROR","Gate 2","","ERROR: 1020 consecutive <p> elements found more than 5 . These should be converted into a <ul>/<li> structure. First <p>: ""The interval between two successive loadings calculated from the time a wagon is placed for loading till the time it again becomes available for reloading is the actual turn round. As the calculations for individual wagons in the manner stated above are not practicable, the following statistical formula is generally used: Wagon Turn Round (T ) = S L+R Where ‘S’ stand for the effective daily wagon holding or midnight wagon balance of a day (excluding sick, POH wagons in or waiting for shops, like departmental wagons, wagons lent for departmental use, and the wagons used for coaching traffic). ‘L’ stands for the total number of wagons loaded on the Division/Railways plus the wagons loaded at Transhipment Point, ‘R’ stands for the total number of loaded wagons received from other Railway/Divisions. Thus, for example, if a Division loads 350 Wagons on BG (including 50 BG Wagons loaded through transhipment of MG Wagons), 150 inward loaded wagons are"""
"C:\Users\Metapercept\Desktop\Nilesh\New-MetR\metR-Converter-PDF\storage\942fd6d3-c493-46d0-baed-af39dd5278f0\pre-xslt-output\command_control_and_coordination_of_emergency_re.dita","CONCEPT","concept_structural_rules.sch","ERROR","Gate 2","","ERROR: 1018 consecutive <p> elements found more than 5 . These should be converted into a <ul>/<li> structure. First <p>: ""A check on the detention to trains (1) outside signals or at stations adjacent to Goods Terminals, (2) in shunting operations at road side stations and (3) enroute detentions for various reasons should be exercised regularly."""
"C:\Users\Metapercept\Desktop\Nilesh\New-MetR\metR-Converter-PDF\storage\942fd6d3-c493-46d0-baed-af39dd5278f0\pre-xslt-output\command_control_and_coordination_of_emergency_re.dita","CONCEPT","concept_structural_rules.sch","ERROR","Gate 2","","ERROR: 1017 consecutive <p> elements found more than 5 . These should be converted into a <ul>/<li> structure. First <p>: ""Close watch should be kept on the areas, e.g. Marshalling Yards, Goods Terminals, Stabling Points etc., where wagons are likely to suffer avoidable detention during various phases. Although this is watched through periodical data, special attention should be paid to pockets, where piecemeal Wagons suffer prolonged detention and often remain out of sight."""
"C:\Users\Metapercept\Desktop\Nilesh\New-MetR\metR-Converter-PDF\storage\942fd6d3-c493-46d0-baed-af39dd5278f0\pre-xslt-output\command_control_and_coordination_of_emergency_re.dita","CONCEPT","concept_structural_rules.sch","ERROR","Gate 2","","ERROR: 1016 consecutive <p> elements found more than 5 . These should be converted into a <ul>/<li> structure. First <p>: ""Engines being costly resources their utilization have to be carefully monitored. Some of the measures for improving Engine Utilizations are as under:"""
"C:\Users\Metapercept\Desktop\Nilesh\New-MetR\metR-Converter-PDF\storage\942fd6d3-c493-46d0-baed-af39dd5278f0\pre-xslt-output\command_control_and_coordination_of_emergency_re.dita","CONCEPT","concept_structural_rules.sch","ERROR","Gate 2","","ERROR: 1015 consecutive <p> elements found more than 5 . These should be converted into a <ul>/<li> structure. First <p>: ""Average No. of Goods Trains X Distance travelled by each train in 24 hrs. Speed = Total time taken by all the Goods Trains run."""
"C:\Users\Metapercept\Desktop\Nilesh\New-MetR\metR-Converter-PDF\storage\942fd6d3-c493-46d0-baed-af39dd5278f0\pre-xslt-output\command_control_and_coordination_of_emergency_re.dita","CONCEPT","concept_structural_rules.sch","ERROR","Gate 2","","ERROR: 1013 consecutive <p> elements found more than 5 . These should be converted into a <ul>/<li> structure. First <p>: ""Excellence in freight operations requires that the staff offer their willing co-operation. To achieve this proper training for constantly developing the knowledge, skills and commitment is essential."""
"C:\Users\Metapercept\Desktop\Nilesh\New-MetR\metR-Converter-PDF\storage\942fd6d3-c493-46d0-baed-af39dd5278f0\pre-xslt-output\command_control_and_coordination_of_emergency_re.dita","CONCEPT","concept_structural_rules.sch","ERROR","Gate 2","","ERROR: 1012 consecutive <p> elements found more than 5 . These should be converted into a <ul>/<li> structure. First <p>: ""One of the important means to utilise fully and efficiently the existing carrying capacity of a railway is to set measurable and specific targets for the various performances after taking into consideration all the local conditions. Once the targets are laid down, all possible efforts must be made to attain them. The targets should be set sufficiently high and reviewed constantly with a view to improving the performance further. Details regarding Statistics pertaining to Railway Operations are given in chapter on Operating Statistics where targets are not attained within a reasonable period, the causes must be traced and effective remedial action taken, if necessary, revised targets should be laid down."""
"C:\Users\Metapercept\Desktop\Nilesh\New-MetR\metR-Converter-PDF\storage\942fd6d3-c493-46d0-baed-af39dd5278f0\pre-xslt-output\command_control_and_coordination_of_emergency_re.dita","CONCEPT","concept_structural_rules.sch","ERROR","Gate 2","","ERROR: 1010 consecutive <p> elements found more than 5 . These should be converted into a <ul>/<li> structure. First <p>: ""(Copy of Priority Schedule can be obtained from Indian Railways website)"""
"C:\Users\Metapercept\Desktop\Nilesh\New-MetR\metR-Converter-PDF\storage\942fd6d3-c493-46d0-baed-af39dd5278f0\pre-xslt-output\command_control_and_coordination_of_emergency_re.dita","CONCEPT","concept_structural_rules.sch","ERROR","Gate 2","","ERROR: 1005 consecutive <p> elements found more than 5 . These should be converted into a <ul>/<li> structure. First <p>: ""Classification of ODC consignment:"""
"C:\Users\Metapercept\Desktop\Nilesh\New-MetR\metR-Converter-PDF\storage\942fd6d3-c493-46d0-baed-af39dd5278f0\pre-xslt-output\command_control_and_coordination_of_emergency_re.dita","CONCEPT","concept_structural_rules.sch","ERROR","Gate 2","","ERROR: 1000 consecutive <p> elements found more than 5 . These should be converted into a <ul>/<li> structure. First <p>: ""Net Clearance: The net clearance shall be worked out as under: The net clearance between the consignment as loaded in the train and any fixed structure should be calculated after making an allowance of 75 mm (3 inches) for lurch (horizontal) and 7.62 cm (3 inches) bounce (vertical) on the straight together with following additional factors applicable only when the structure in question is situated on a curve."""
"C:\Users\Metapercept\Desktop\Nilesh\New-MetR\metR-Converter-PDF\storage\942fd6d3-c493-46d0-baed-af39dd5278f0\pre-xslt-output\command_control_and_coordination_of_emergency_re.dita","CONCEPT","concept_structural_rules.sch","ERROR","Gate 2","","ERROR: 999 consecutive <p> elements found more than 5 . These should be converted into a <ul>/<li> structure. First <p>: ""C = Super elevation G = gauge. For the central overhang due to curvature, the formula will be:- B2/8R where B = distance between bogie centre R = Radius of curve."""
"C:\Users\Metapercept\Desktop\Nilesh\New-MetR\metR-Converter-PDF\storage\942fd6d3-c493-46d0-baed-af39dd5278f0\pre-xslt-output\command_control_and_coordination_of_emergency_re.dita","CONCEPT","concept_structural_rules.sch","ERROR","Gate 2","","ERROR: 996 consecutive <p> elements found more than 5 . These should be converted into a <ul>/<li> structure. First <p>: ""Vertical clearance:"""
"C:\Users\Metapercept\Desktop\Nilesh\New-MetR\metR-Converter-PDF\storage\942fd6d3-c493-46d0-baed-af39dd5278f0\pre-xslt-output\command_control_and_coordination_of_emergency_re.dita","CONCEPT","concept_structural_rules.sch","ERROR","Gate 2","","ERROR: 976 consecutive <p> elements found more than 5 . These should be converted into a <ul>/<li> structure. First <p>: ""Despatch of ODCs:"""
"C:\Users\Metapercept\Desktop\Nilesh\New-MetR\metR-Converter-PDF\storage\942fd6d3-c493-46d0-baed-af39dd5278f0\pre-xslt-output\command_control_and_coordination_of_emergency_re.dita","CONCEPT","concept_structural_rules.sch","ERROR","Gate 2","","ERROR: 975 consecutive <p> elements found more than 5 . These should be converted into a <ul>/<li> structure. First <p>: ""ensure safe placement and securing of wagon/load."""
"C:\Users\Metapercept\Desktop\Nilesh\New-MetR\metR-Converter-PDF\storage\942fd6d3-c493-46d0-baed-af39dd5278f0\pre-xslt-output\command_control_and_coordination_of_emergency_re.dita","CONCEPT","concept_structural_rules.sch","ERROR","Gate 2","","ERROR: 960 consecutive <p> elements found more than 5 . These should be converted into a <ul>/<li> structure. First <p>: ""avoid delay to trains and to maximize utilisation of the capacity of the section by: -"""
"C:\Users\Metapercept\Desktop\Nilesh\New-MetR\metR-Converter-PDF\storage\942fd6d3-c493-46d0-baed-af39dd5278f0\pre-xslt-output\command_control_and_coordination_of_emergency_re.dita","CONCEPT","concept_structural_rules.sch","ERROR","Gate 2","","ERROR: 959 consecutive <p> elements found more than 5 . These should be converted into a <ul>/<li> structure. First <p>: ""coaching traffic on the section. It is exercised by :"""
"C:\Users\Metapercept\Desktop\Nilesh\New-MetR\metR-Converter-PDF\storage\942fd6d3-c493-46d0-baed-af39dd5278f0\pre-xslt-output\command_control_and_coordination_of_emergency_re.dita","CONCEPT","concept_structural_rules.sch","ERROR","Gate 2","","ERROR: 958 consecutive <p> elements found more than 5 . These should be converted into a <ul>/<li> structure. First <p>: ""locomotives"""
"C:\Users\Metapercept\Desktop\Nilesh\New-MetR\metR-Converter-PDF\storage\942fd6d3-c493-46d0-baed-af39dd5278f0\pre-xslt-output\command_control_and_coordination_of_emergency_re.dita","CONCEPT","concept_structural_rules.sch","ERROR","Gate 2","","ERROR: 957 consecutive <p> elements found more than 5 . These should be converted into a <ul>/<li> structure. First <p>: ""Monitors imposition & cancellation of Engineering Restrictions, Working of track machines & monitoring integrated maintainable blocks. To co-ordinate works during maintenance blocks Running of Material trains."""
"C:\Users\Metapercept\Desktop\Nilesh\New-MetR\metR-Converter-PDF\storage\942fd6d3-c493-46d0-baed-af39dd5278f0\pre-xslt-output\command_control_and_coordination_of_emergency_re.dita","CONCEPT","concept_structural_rules.sch","ERROR","Gate 2","","ERROR: 956 consecutive <p> elements found more than 5 . These should be converted into a <ul>/<li> structure. First <p>: ""trains/stations."""
"C:\Users\Metapercept\Desktop\Nilesh\New-MetR\metR-Converter-PDF\storage\942fd6d3-c493-46d0-baed-af39dd5278f0\pre-xslt-output\command_control_and_coordination_of_emergency_re.dita","CONCEPT","concept_structural_rules.sch","ERROR","Gate 2","","ERROR: 955 consecutive <p> elements found more than 5 . These should be converted into a <ul>/<li> structure. First <p>: ""The main functions of Traffic Control are:"""
"C:\Users\Metapercept\Desktop\Nilesh\New-MetR\metR-Converter-PDF\storage\942fd6d3-c493-46d0-baed-af39dd5278f0\pre-xslt-output\command_control_and_coordination_of_emergency_re.dita","CONCEPT","concept_structural_rules.sch","ERROR","Gate 2","","ERROR: 954 consecutive <p> elements found more than 5 . These should be converted into a <ul>/<li> structure. First <p>: ""Telecommunication Facilities in Control: Extensive, efficient and reliable communication network is necessary for the efficient functioning of the Control organisation. The following telecommunication network is available in control offices."""
"C:\Users\Metapercept\Desktop\Nilesh\New-MetR\metR-Converter-PDF\storage\942fd6d3-c493-46d0-baed-af39dd5278f0\pre-xslt-output\command_control_and_coordination_of_emergency_re.dita","CONCEPT","concept_structural_rules.sch","ERROR","Gate 2","","ERROR: 953 consecutive <p> elements found more than 5 . These should be converted into a <ul>/<li> structure. First <p>: ""This circuit is provided between various functionaries in the control office, stations and important work centres like yards, loco sheds, crew booking lobbies."""
"C:\Users\Metapercept\Desktop\Nilesh\New-MetR\metR-Converter-PDF\storage\942fd6d3-c493-46d0-baed-af39dd5278f0\pre-xslt-output\command_control_and_coordination_of_emergency_re.dita","CONCEPT","concept_structural_rules.sch","ERROR","Gate 2","","ERROR: 952 consecutive <p> elements found more than 5 . These should be converted into a <ul>/<li> structure. First <p>: ""This circuit is connected to all the stations and the section controller, Chief controller etc."""
"C:\Users\Metapercept\Desktop\Nilesh\New-MetR\metR-Converter-PDF\storage\942fd6d3-c493-46d0-baed-af39dd5278f0\pre-xslt-output\command_control_and_coordination_of_emergency_re.dita","CONCEPT","concept_structural_rules.sch","ERROR","Gate 2","","ERROR: 951 consecutive <p> elements found more than 5 . These should be converted into a <ul>/<li> structure. First <p>: ""This additional telephone circuit is available on the electrified sections; this is connected to T.P.C. in OHE remote control centre, all stations, control-offices and selected work places. The section controller or T.P.C. can also be contacted from the emergency socket provided over the sections of line by means of portable telephone of the control point with indication on the electric mast, direction wise, to the nearest circuit."""
"C:\Users\Metapercept\Desktop\Nilesh\New-MetR\metR-Converter-PDF\storage\942fd6d3-c493-46d0-baed-af39dd5278f0\pre-xslt-output\command_control_and_coordination_of_emergency_re.dita","CONCEPT","concept_structural_rules.sch","ERROR","Gate 2","","ERROR: 950 consecutive <p> elements found more than 5 . These should be converted into a <ul>/<li> structure. First <p>: ""The Section Controller of each section is provided with control board with Telecommunication facilities for coaching stations, certain important cabins, big freight terminals, loco shed etc. over a section. For the guidance of section controller, the lay out of all the stations and sidings is painted on a large board. The station lay out diagram is also provided with details of holding capacity of each of the running & non-running lines, gradients and signals. In electrified area, OHE sectioning diagram is provided. This depicts elementary sections in different colours & other details of sectioning post (SP) and Sub-sectioning post (SSP)."""
"C:\Users\Metapercept\Desktop\Nilesh\New-MetR\metR-Converter-PDF\storage\942fd6d3-c493-46d0-baed-af39dd5278f0\pre-xslt-output\command_control_and_coordination_of_emergency_re.dita","CONCEPT","concept_structural_rules.sch","ERROR","Gate 2","","ERROR: 949 consecutive <p> elements found more than 5 . These should be converted into a <ul>/<li> structure. First <p>: ""For every section, Master Charts indicating trains run in 24 hours are prepared which show the running of each Mail, Express or passenger trains over the sections according to its scheduled running. In between the running of trains carrying passengers, paths for goods trains are worked out and plotted. They are helpful in revision of time tables and planning the running of any extra train and guidance of section controllers and should be displayed on the boards to which they refer."""
"C:\Users\Metapercept\Desktop\Nilesh\New-MetR\metR-Converter-PDF\storage\942fd6d3-c493-46d0-baed-af39dd5278f0\pre-xslt-output\command_control_and_coordination_of_emergency_re.dita","CONCEPT","concept_structural_rules.sch","ERROR","Gate 2","","ERROR: 947 consecutive <p> elements found more than 5 . These should be converted into a <ul>/<li> structure. First <p>: ""The Chief controller is in- overall charge of control office and is responsible for the total transportation of the Division on day to day basis. His duties include-"""
"C:\Users\Metapercept\Desktop\Nilesh\New-MetR\metR-Converter-PDF\storage\942fd6d3-c493-46d0-baed-af39dd5278f0\pre-xslt-output\command_control_and_coordination_of_emergency_re.dita","CONCEPT","concept_structural_rules.sch","ERROR","Gate 2","","ERROR: 946 consecutive <p> elements found more than 5 . These should be converted into a <ul>/<li> structure. First <p>: ""He is responsible for:"""
"C:\Users\Metapercept\Desktop\Nilesh\New-MetR\metR-Converter-PDF\storage\942fd6d3-c493-46d0-baed-af39dd5278f0\pre-xslt-output\command_control_and_coordination_of_emergency_re.dita","CONCEPT","concept_structural_rules.sch","ERROR","Gate 2","","ERROR: 945 consecutive <p> elements found more than 5 . These should be converted into a <ul>/<li> structure. First <p>: ""He is responsible for:"""
"C:\Users\Metapercept\Desktop\Nilesh\New-MetR\metR-Converter-PDF\storage\942fd6d3-c493-46d0-baed-af39dd5278f0\pre-xslt-output\command_control_and_coordination_of_emergency_re.dita","CONCEPT","concept_structural_rules.sch","ERROR","Gate 2","","ERROR: 944 consecutive <p> elements found more than 5 . These should be converted into a <ul>/<li> structure. First <p>: ""(viii) Assisting the Sr. DOM/DOM in allotments. (ix) Keeping a close watch over the movements of seasonal perishable traffic and supply of suitable stock for its clearance."""
"C:\Users\Metapercept\Desktop\Nilesh\New-MetR\metR-Converter-PDF\storage\942fd6d3-c493-46d0-baed-af39dd5278f0\pre-xslt-output\command_control_and_coordination_of_emergency_re.dita","CONCEPT","concept_structural_rules.sch","ERROR","Gate 2","","ERROR: 943 consecutive <p> elements found more than 5 . These should be converted into a <ul>/<li> structure. First <p>: ""(xi) Informing all major customers about their inward trains’ expected arrival based on FOIS pipe line, Optimising loading, unloading, transhipment etc. Duties of Deputy Chief Controller (Punctuality)"""
"C:\Users\Metapercept\Desktop\Nilesh\New-MetR\metR-Converter-PDF\storage\942fd6d3-c493-46d0-baed-af39dd5278f0\pre-xslt-output\command_control_and_coordination_of_emergency_re.dita","CONCEPT","concept_structural_rules.sch","ERROR","Gate 2","","ERROR: 942 consecutive <p> elements found more than 5 . These should be converted into a <ul>/<li> structure. First <p>: ""The Section Controller shall be responsible for:"""
"C:\Users\Metapercept\Desktop\Nilesh\New-MetR\metR-Converter-PDF\storage\942fd6d3-c493-46d0-baed-af39dd5278f0\pre-xslt-output\command_control_and_coordination_of_emergency_re.dita","CONCEPT","concept_structural_rules.sch","ERROR","Gate 2","","ERROR: 941 consecutive <p> elements found more than 5 . These should be converted into a <ul>/<li> structure. First <p>: ""(ii) Recording the movement of trains on the ‘Control’ graph including crossing, connections and shunting reasons for detentions etc. (iii) Arranging for the supply and clearance of stock as ordered by Dy. Controller. (iv) Advising stations in advance of the work to be done on trains on move"""
"C:\Users\Metapercept\Desktop\Nilesh\New-MetR\metR-Converter-PDF\storage\942fd6d3-c493-46d0-baed-af39dd5278f0\pre-xslt-output\command_control_and_coordination_of_emergency_re.dita","CONCEPT","concept_structural_rules.sch","ERROR","Gate 2","","ERROR: 940 consecutive <p> elements found more than 5 . These should be converted into a <ul>/<li> structure. First <p>: ""(vi) Informing major stations and concerned Section Controller about the current running of trains on the section and their anticipated arrivals well in time (vii) Keeping in close touch with Engineering-blocks and working of material trains so as to give the maximum possible time with least detention to other traffic. (viii) Incident management to include adjusting movements of trains in view of the likely impact of the incident, informing all concerned (ix) Keeping a watch over damaged vehicles detached at road side stations and arranging repairs or transhipment of their contents and proper attention on the part of the train examining staff."""
"C:\Users\Metapercept\Desktop\Nilesh\New-MetR\metR-Converter-PDF\storage\942fd6d3-c493-46d0-baed-af39dd5278f0\pre-xslt-output\command_control_and_coordination_of_emergency_re.dita","CONCEPT","concept_structural_rules.sch","ERROR","Gate 2","","ERROR: 939 consecutive <p> elements found more than 5 . These should be converted into a <ul>/<li> structure. First <p>: ""(xi) Eliminating all possible detention to train and stock. (xii) Watching the working of marshalling yards & major terminals. (xiii) Making timely arrangements for the relief of Guards /loco pilots whose duty hours are likely to exceed enroute. (xiv) Recording stock report (where stock clerks are not posted)"""
"C:\Users\Metapercept\Desktop\Nilesh\New-MetR\metR-Converter-PDF\storage\942fd6d3-c493-46d0-baed-af39dd5278f0\pre-xslt-output\command_control_and_coordination_of_emergency_re.dita","CONCEPT","concept_structural_rules.sch","ERROR","Gate 2","","ERROR: 938 consecutive <p> elements found more than 5 . These should be converted into a <ul>/<li> structure. First <p>: ""(ii) Co-ordination with sheds and Dy. Chief Controllers (movement) for sending overdue engines and obtaining time of engines coming out of shed. (iii) Making timely arrangement for the relief of crew whose duty hours are likely to be exceeded enroute (iv) Taking timely action to balance crew so as to prevent cancellation or putting back of trains on account of shortage of crew."""
"C:\Users\Metapercept\Desktop\Nilesh\New-MetR\metR-Converter-PDF\storage\942fd6d3-c493-46d0-baed-af39dd5278f0\pre-xslt-output\command_control_and_coordination_of_emergency_re.dita","CONCEPT","concept_structural_rules.sch","ERROR","Gate 2","","ERROR: 937 consecutive <p> elements found more than 5 . These should be converted into a <ul>/<li> structure. First <p>: ""(vi) Maintaining charts indicating engine position/utilisation. (vii) Rendering advice and assistance to locomotive running staff regarding trouble shooting. (viii) Carrying out any other duties allotted to him by the Sr.DME/DME or Sr.DEE/DEE from time to time. (ix) Monitoring day-to-day stock position of diesel fuel at RDIs and watching movement of"""
"C:\Users\Metapercept\Desktop\Nilesh\New-MetR\metR-Converter-PDF\storage\942fd6d3-c493-46d0-baed-af39dd5278f0\pre-xslt-output\command_control_and_coordination_of_emergency_re.dita","CONCEPT","concept_structural_rules.sch","ERROR","Gate 2","","ERROR: 935 consecutive <p> elements found more than 5 . These should be converted into a <ul>/<li> structure. First <p>: ""Operating Discipline"""
"C:\Users\Metapercept\Desktop\Nilesh\New-MetR\metR-Converter-PDF\storage\942fd6d3-c493-46d0-baed-af39dd5278f0\pre-xslt-output\command_control_and_coordination_of_emergency_re.dita","CONCEPT","concept_structural_rules.sch","ERROR","Gate 2","","ERROR: 934 consecutive <p> elements found more than 5 . These should be converted into a <ul>/<li> structure. First <p>: ""Station staff, Shed staff, Crew and Guards etc must obey orders issued by the Control as long as these orders are consistent with the General and Subsidiary Rules, extant instructions and the instructions contained in this Manual."""
"C:\Users\Metapercept\Desktop\Nilesh\New-MetR\metR-Converter-PDF\storage\942fd6d3-c493-46d0-baed-af39dd5278f0\pre-xslt-output\command_control_and_coordination_of_emergency_re.dita","CONCEPT","concept_structural_rules.sch","ERROR","Gate 2","","ERROR: 933 consecutive <p> elements found more than 5 . These should be converted into a <ul>/<li> structure. First <p>: ""Important instructions from control will first be recorded in a register maintained in the control office and serially numbered, commencing with number 1 after midnight each day. These will be issued as messages indicating the time of issue All such orders received by the Station Masters or Running staff and Guards’ lobby from Control should be entered in the control order register by the staff. Each entry must be initialled with time. At the end of each turn of duty the relieved as well as the relieving Station Master or Crew Controller must sign their name in full below the last entry in the register. On days when no orders are received from control, “Nil” entry must be recorded and signed as prescribed above. When a station Master or Crew Controller has received an order from the control and entered it in his register, he may repeat it to the control in order to satisfy himself and the control that he has understood it correctly. (iii) No Terminal Station should start a goods or unscheduled train or block the section without the permission of the Controller. (iv) Every Station on the section must report the movement of every train- passenger, goods, special, departmental, light engines, TTMs, Tower Wagons, trollies etc. to the controller."""
"C:\Users\Metapercept\Desktop\Nilesh\New-MetR\metR-Converter-PDF\storage\942fd6d3-c493-46d0-baed-af39dd5278f0\pre-xslt-output\command_control_and_coordination_of_emergency_re.dita","CONCEPT","concept_structural_rules.sch","ERROR","Gate 2","","ERROR: 932 consecutive <p> elements found more than 5 . These should be converted into a <ul>/<li> structure. First <p>: ""(vi) The Controller’s permission must be obtained before stopping a train that should run through except to avert an accident or dangerous condition. (vii) No station should allow a train, which has been stopped out of course, to proceed, without first informing the controller that the train has been so stopped and receiving his further orders. (viii) Station Master must advise the controller of any unauthorised or undue detention to trains at their stations with full explanation. (ix) Whenever a train, either passenger or goods is detained at a station for longer than the booked halt without the orders of the Controller, on its departure, the Station Master must immediately inform the brief cause of the detention to the Controller."""
"C:\Users\Metapercept\Desktop\Nilesh\New-MetR\metR-Converter-PDF\storage\942fd6d3-c493-46d0-baed-af39dd5278f0\pre-xslt-output\command_control_and_coordination_of_emergency_re.dita","CONCEPT","concept_structural_rules.sch","ERROR","Gate 2","","ERROR: 931 consecutive <p> elements found more than 5 . These should be converted into a <ul>/<li> structure. First <p>: ""(xi) Station Master must promptly advise the Controller of any defects of signals, points, interlocking apparatus and line clear instruments at their stations. Information should also be given of any defects in any other station machinery such as cranes, wagon weigh bridges, turn tables, water columns, hydrants etc. (xii) Starting stations to report particulars of outgoing train: As soon as a train leaves a train starting station, the Station Master must intimate the following particulars to the control office: Number and description of train, Engine number and class, Loco pilot’s name, Guard’s"""
"C:\Users\Metapercept\Desktop\Nilesh\New-MetR\metR-Converter-PDF\storage\942fd6d3-c493-46d0-baed-af39dd5278f0\pre-xslt-output\command_control_and_coordination_of_emergency_re.dita","CONCEPT","concept_structural_rules.sch","ERROR","Gate 2","","ERROR: 929 consecutive <p> elements found more than 5 . These should be converted into a <ul>/<li> structure. First <p>: ""Staff must obtain Station Master’s permission before speaking to Controller. xvii Mode of using the control phone : The Control telephone is to be used for operational purposes. The field staff wanting to talk to control will give their identity and wait for their turn to communicate .As this network is intensively used, the conversation should be brief, meaningful and polite. Discussions, disputes and arguments must be avoided."""
"C:\Users\Metapercept\Desktop\Nilesh\New-MetR\metR-Converter-PDF\storage\942fd6d3-c493-46d0-baed-af39dd5278f0\pre-xslt-output\command_control_and_coordination_of_emergency_re.dita","CONCEPT","concept_structural_rules.sch","ERROR","Gate 2","","ERROR: 928 consecutive <p> elements found more than 5 . These should be converted into a <ul>/<li> structure. First <p>: ""Co-ordination between Control and Stations:"""
"C:\Users\Metapercept\Desktop\Nilesh\New-MetR\metR-Converter-PDF\storage\942fd6d3-c493-46d0-baed-af39dd5278f0\pre-xslt-output\command_control_and_coordination_of_emergency_re.dita","CONCEPT","concept_structural_rules.sch","ERROR","Gate 2","","ERROR: 927 consecutive <p> elements found more than 5 . These should be converted into a <ul>/<li> structure. First <p>: ""train, line clear enquiry for the less important train must not be asked until the train is ready to leave and until the Section Controller’s permission has been obtained. The Station Master receiving the line clear enquiry must immediately ask the Controller’s permission to give line clear before giving the reply. The Station Master on duty is entirely responsible for seeing that the necessary General and Subsidiary rules and Station Working Rules are observed before giving Line Clear."""
"C:\Users\Metapercept\Desktop\Nilesh\New-MetR\metR-Converter-PDF\storage\942fd6d3-c493-46d0-baed-af39dd5278f0\pre-xslt-output\command_control_and_coordination_of_emergency_re.dita","CONCEPT","concept_structural_rules.sch","ERROR","Gate 2","","ERROR: 926 consecutive <p> elements found more than 5 . These should be converted into a <ul>/<li> structure. First <p>: ""receive the train in yard/station due to yard/ station constraints, he must explain his reasons clearly and fully to the Controller."""
"C:\Users\Metapercept\Desktop\Nilesh\New-MetR\metR-Converter-PDF\storage\942fd6d3-c493-46d0-baed-af39dd5278f0\pre-xslt-output\command_control_and_coordination_of_emergency_re.dita","CONCEPT","concept_structural_rules.sch","ERROR","Gate 2","","ERROR: 925 consecutive <p> elements found more than 5 . These should be converted into a <ul>/<li> structure. First <p>: ""shunting; Controller must be informed of the likely duration of shunting to enable him to arrange crossing and precedence of trains. In the event of Station Master being unable to start a train on receipt of line clear, he must at once report the circumstances to the Controller."""
"C:\Users\Metapercept\Desktop\Nilesh\New-MetR\metR-Converter-PDF\storage\942fd6d3-c493-46d0-baed-af39dd5278f0\pre-xslt-output\command_control_and_coordination_of_emergency_re.dita","CONCEPT","concept_structural_rules.sch","ERROR","Gate 2","","ERROR: 924 consecutive <p> elements found more than 5 . These should be converted into a <ul>/<li> structure. First <p>: ""The Section Controller will give definite instruction for crossing or precedence and will not change them except under unavoidable circumstance because last minute change of order will result in confusion and unsafe operation. The Station Master is entirely responsible for seeing that the crossing is effected safely and strictly in accordance with the rules. The Controller must see that sufficient time is available for the"""
"C:\Users\Metapercept\Desktop\Nilesh\New-MetR\metR-Converter-PDF\storage\942fd6d3-c493-46d0-baed-af39dd5278f0\pre-xslt-output\command_control_and_coordination_of_emergency_re.dita","CONCEPT","concept_structural_rules.sch","ERROR","Gate 2","","ERROR: 922 consecutive <p> elements found more than 5 . These should be converted into a <ul>/<li> structure. First <p>: ""Accidents:"""
"C:\Users\Metapercept\Desktop\Nilesh\New-MetR\metR-Converter-PDF\storage\942fd6d3-c493-46d0-baed-af39dd5278f0\pre-xslt-output\command_control_and_coordination_of_emergency_re.dita","CONCEPT","concept_structural_rules.sch","ERROR","Gate 2","","ERROR: 920 consecutive <p> elements found more than 5 . These should be converted into a <ul>/<li> structure. First <p>: ""Registers generally maintained in Control:"""
"C:\Users\Metapercept\Desktop\Nilesh\New-MetR\metR-Converter-PDF\storage\942fd6d3-c493-46d0-baed-af39dd5278f0\pre-xslt-output\command_control_and_coordination_of_emergency_re.dita","CONCEPT","concept_structural_rules.sch","ERROR","Gate 2","","ERROR: 919 consecutive <p> elements found more than 5 . These should be converted into a <ul>/<li> structure. First <p>: ""Additional Guidelines: Additional information and guidelines regarding control are given in various other chapters of the Manual, particularly the chapters on goods train and passenger train operation."""
"C:\Users\Metapercept\Desktop\Nilesh\New-MetR\metR-Converter-PDF\storage\942fd6d3-c493-46d0-baed-af39dd5278f0\pre-xslt-output\command_control_and_coordination_of_emergency_re.dita","CONCEPT","concept_structural_rules.sch","ERROR","Gate 2","","ERROR: 916 consecutive <p> elements found more than 5 . These should be converted into a <ul>/<li> structure. First <p>: ""procedures for the control and coordination of all responses to emergency situations on the mainline."""
"C:\Users\Metapercept\Desktop\Nilesh\New-MetR\metR-Converter-PDF\storage\942fd6d3-c493-46d0-baed-af39dd5278f0\pre-xslt-output\command_control_and_coordination_of_emergency_re.dita","CONCEPT","concept_structural_rules.sch","ERROR","Gate 2","","ERROR: 915 consecutive <p> elements found more than 5 . These should be converted into a <ul>/<li> structure. First <p>: ""needs to be done in the event of a serious incident."""
"C:\Users\Metapercept\Desktop\Nilesh\New-MetR\metR-Converter-PDF\storage\942fd6d3-c493-46d0-baed-af39dd5278f0\pre-xslt-output\command_control_and_coordination_of_emergency_re.dita","CONCEPT","concept_structural_rules.sch","ERROR","Gate 2","","ERROR: 914 consecutive <p> elements found more than 5 . These should be converted into a <ul>/<li> structure. First <p>: ""In Order of priority these are:-"""
"C:\Users\Metapercept\Desktop\Nilesh\New-MetR\metR-Converter-PDF\storage\942fd6d3-c493-46d0-baed-af39dd5278f0\pre-xslt-output\command_control_and_coordination_of_emergency_re.dita","CONCEPT","concept_structural_rules.sch","ERROR","Gate 2","","ERROR: 913 consecutive <p> elements found more than 5 . These should be converted into a <ul>/<li> structure. First <p>: ""There is a difference between a disaster and an accident. All disasters need not be the outcome of train accidents, neither are all accidents classified as disasters."""
"C:\Users\Metapercept\Desktop\Nilesh\New-MetR\metR-Converter-PDF\storage\942fd6d3-c493-46d0-baed-af39dd5278f0\pre-xslt-output\command_control_and_coordination_of_emergency_re.dita","CONCEPT","concept_structural_rules.sch","ERROR","Gate 2","","ERROR: 910 consecutive <p> elements found more than 5 . These should be converted into a <ul>/<li> structure. First <p>: ""In the context of Indian Railways, unusual events are classified as under:"""
"C:\Users\Metapercept\Desktop\Nilesh\New-MetR\metR-Converter-PDF\storage\942fd6d3-c493-46d0-baed-af39dd5278f0\pre-xslt-output\command_control_and_coordination_of_emergency_re.dita","CONCEPT","concept_structural_rules.sch","ERROR","Gate 2","","ERROR: 909 consecutive <p> elements found more than 5 . These should be converted into a <ul>/<li> structure. First <p>: ""This SOP is applicable to all IR personnel working on the Open Line."""
"C:\Users\Metapercept\Desktop\Nilesh\New-MetR\metR-Converter-PDF\storage\942fd6d3-c493-46d0-baed-af39dd5278f0\pre-xslt-output\command_control_and_coordination_of_emergency_re.dita","CONCEPT","concept_structural_rules.sch","ERROR","Gate 2","","ERROR: 907 consecutive <p> elements found more than 5 . These should be converted into a <ul>/<li> structure. First <p>: ""6 General"""
"C:\Users\Metapercept\Desktop\Nilesh\New-MetR\metR-Converter-PDF\storage\942fd6d3-c493-46d0-baed-af39dd5278f0\pre-xslt-output\command_control_and_coordination_of_emergency_re.dita","CONCEPT","concept_structural_rules.sch","ERROR","Gate 2","","ERROR: 905 consecutive <p> elements found more than 5 . These should be converted into a <ul>/<li> structure. First <p>: ""Guards in charge, Loco pilot and Station Manager must assume and carry out the responsibilities of the OCS until relieved."""
"C:\Users\Metapercept\Desktop\Nilesh\New-MetR\metR-Converter-PDF\storage\942fd6d3-c493-46d0-baed-af39dd5278f0\pre-xslt-output\command_control_and_coordination_of_emergency_re.dita","CONCEPT","concept_structural_rules.sch","ERROR","Gate 2","","ERROR: 898 consecutive <p> elements found more than 5 . These should be converted into a <ul>/<li> structure. First <p>: ""7 Procedure"""
"C:\Users\Metapercept\Desktop\Nilesh\New-MetR\metR-Converter-PDF\storage\942fd6d3-c493-46d0-baed-af39dd5278f0\pre-xslt-output\command_control_and_coordination_of_emergency_re.dita","CONCEPT","concept_structural_rules.sch","ERROR","Gate 2","","ERROR: 896 consecutive <p> elements found more than 5 . These should be converted into a <ul>/<li> structure. First <p>: ""The OCS shall:"""
"C:\Users\Metapercept\Desktop\Nilesh\New-MetR\metR-Converter-PDF\storage\942fd6d3-c493-46d0-baed-af39dd5278f0\pre-xslt-output\command_control_and_coordination_of_emergency_re.dita","CONCEPT","concept_structural_rules.sch","ERROR","Gate 2","","ERROR: 895 consecutive <p> elements found more than 5 . These should be converted into a <ul>/<li> structure. First <p>: ""Station Operations/Commercial personnel shall:"""
"C:\Users\Metapercept\Desktop\Nilesh\New-MetR\metR-Converter-PDF\storage\942fd6d3-c493-46d0-baed-af39dd5278f0\pre-xslt-output\command_control_and_coordination_of_emergency_re.dita","CONCEPT","concept_structural_rules.sch","ERROR","Gate 2","","ERROR: 894 consecutive <p> elements found more than 5 . These should be converted into a <ul>/<li> structure. First <p>: ""Guards and Loco pilots shall:"""
"C:\Users\Metapercept\Desktop\Nilesh\New-MetR\metR-Converter-PDF\storage\942fd6d3-c493-46d0-baed-af39dd5278f0\pre-xslt-output\command_control_and_coordination_of_emergency_re.dita","CONCEPT","concept_structural_rules.sch","ERROR","Gate 2","","ERROR: 893 consecutive <p> elements found more than 5 . These should be converted into a <ul>/<li> structure. First <p>: ""All Rail personnel at the incident scene shall honour the requests of and obey the directions of the OCS."""
"C:\Users\Metapercept\Desktop\Nilesh\New-MetR\metR-Converter-PDF\storage\942fd6d3-c493-46d0-baed-af39dd5278f0\pre-xslt-output\command_control_and_coordination_of_emergency_re.dita","CONCEPT","concept_structural_rules.sch","ERROR","Gate 2","","ERROR: 887 consecutive <p> elements found more than 5 . These should be converted into a <ul>/<li> structure. First <p>: ""Commercial department at HQ will be informed by the Commercial Control of the headquarter:- (Designations of HODs and Dy HODs may differ from zone to zone.)"""
"C:\Users\Metapercept\Desktop\Nilesh\New-MetR\metR-Converter-PDF\storage\942fd6d3-c493-46d0-baed-af39dd5278f0\pre-xslt-output\command_control_and_coordination_of_emergency_re.dita","CONCEPT","concept_structural_rules.sch","ERROR","Gate 2","","ERROR: 886 consecutive <p> elements found more than 5 . These should be converted into a <ul>/<li> structure. First <p>: ""to the site of accident by the quickest available means."""
"C:\Users\Metapercept\Desktop\Nilesh\New-MetR\metR-Converter-PDF\storage\942fd6d3-c493-46d0-baed-af39dd5278f0\pre-xslt-output\command_control_and_coordination_of_emergency_re.dita","CONCEPT","concept_structural_rules.sch","ERROR","Gate 2","","ERROR: 884 consecutive <p> elements found more than 5 . These should be converted into a <ul>/<li> structure. First <p>: ""be kept: -"""
"C:\Users\Metapercept\Desktop\Nilesh\New-MetR\metR-Converter-PDF\storage\942fd6d3-c493-46d0-baed-af39dd5278f0\pre-xslt-output\command_control_and_coordination_of_emergency_re.dita","CONCEPT","concept_structural_rules.sch","ERROR","Gate 2","","ERROR: 883 consecutive <p> elements found more than 5 . These should be converted into a <ul>/<li> structure. First <p>: ""Sr. DCM in his absence, DCM will attend site of accident and work as site in charge of the Commercial department."""
"C:\Users\Metapercept\Desktop\Nilesh\New-MetR\metR-Converter-PDF\storage\942fd6d3-c493-46d0-baed-af39dd5278f0\pre-xslt-output\command_control_and_coordination_of_emergency_re.dita","CONCEPT","concept_structural_rules.sch","ERROR","Gate 2","","ERROR: 882 consecutive <p> elements found more than 5 . These should be converted into a <ul>/<li> structure. First <p>: ""accidents."""
"C:\Users\Metapercept\Desktop\Nilesh\New-MetR\metR-Converter-PDF\storage\942fd6d3-c493-46d0-baed-af39dd5278f0\pre-xslt-output\command_control_and_coordination_of_emergency_re.dita","CONCEPT","concept_structural_rules.sch","ERROR","Gate 2","","ERROR: 881 consecutive <p> elements found more than 5 . These should be converted into a <ul>/<li> structure. First <p>: ""Additional alphabetical list of passengers on board with their current status must be available and displayed at enquiry counters for quicker dissemination of information. It will be ensured by CCM/IT and Divisional Control and divisional Commercial Officers."""
"C:\Users\Metapercept\Desktop\Nilesh\New-MetR\metR-Converter-PDF\storage\942fd6d3-c493-46d0-baed-af39dd5278f0\pre-xslt-output\command_control_and_coordination_of_emergency_re.dita","CONCEPT","concept_structural_rules.sch","ERROR","Gate 2","","ERROR: 880 consecutive <p> elements found more than 5 . These should be converted into a <ul>/<li> structure. First <p>: ""Sr. DCM will ensure the following functions."""
"C:\Users\Metapercept\Desktop\Nilesh\New-MetR\metR-Converter-PDF\storage\942fd6d3-c493-46d0-baed-af39dd5278f0\pre-xslt-output\command_control_and_coordination_of_emergency_re.dita","CONCEPT","concept_structural_rules.sch","ERROR","Gate 2","","ERROR: 879 consecutive <p> elements found more than 5 . These should be converted into a <ul>/<li> structure. First <p>: ""It will be ensured by the site incharge."""
"C:\Users\Metapercept\Desktop\Nilesh\New-MetR\metR-Converter-PDF\storage\942fd6d3-c493-46d0-baed-af39dd5278f0\pre-xslt-output\command_control_and_coordination_of_emergency_re.dita","CONCEPT","concept_structural_rules.sch","ERROR","Gate 2","","ERROR: 878 consecutive <p> elements found more than 5 . These should be converted into a <ul>/<li> structure. First <p>: ""This function will be ensured by the incharge available in divisional control."""
"C:\Users\Metapercept\Desktop\Nilesh\New-MetR\metR-Converter-PDF\storage\942fd6d3-c493-46d0-baed-af39dd5278f0\pre-xslt-output\command_control_and_coordination_of_emergency_re.dita","CONCEPT","concept_structural_rules.sch","ERROR","Gate 2","","ERROR: 877 consecutive <p> elements found more than 5 . These should be converted into a <ul>/<li> structure. First <p>: ""Money withdrawn from station earnings will also be used for relief operations like purchase of items immediately required, hiring of vehicles and other equipments directly."""
"C:\Users\Metapercept\Desktop\Nilesh\New-MetR\metR-Converter-PDF\storage\942fd6d3-c493-46d0-baed-af39dd5278f0\pre-xslt-output\command_control_and_coordination_of_emergency_re.dita","CONCEPT","concept_structural_rules.sch","ERROR","Gate 2","","ERROR: 876 consecutive <p> elements found more than 5 . These should be converted into a <ul>/<li> structure. First <p>: ""A Yard can be defined by the functions it performs. It is the place or the activity centre on a Railway system, where the trains or rolling stock or group of rolling stocks are received, reformed into trains or loads after marshalling and are despatched to their destinations. A Yard is, thus, a classifying and distributing machine with facilities for receiving, sorting and despatching the wagons to their various destinations, after the prescribed attention. This necessarily involves detention to trains and wagons, but it is inherent in railway working to have Marshalling Yards."""
"C:\Users\Metapercept\Desktop\Nilesh\New-MetR\metR-Converter-PDF\storage\942fd6d3-c493-46d0-baed-af39dd5278f0\pre-xslt-output\command_control_and_coordination_of_emergency_re.dita","CONCEPT","concept_structural_rules.sch","ERROR","Gate 2","","ERROR: 874 consecutive <p> elements found more than 5 . These should be converted into a <ul>/<li> structure. First <p>: ""Though Yards perform very important functions, yet the work done in a Marshalling Yard is only indirectly productive. Yards are operational necessity and are even considered as necessary evils. The ingenuity of the operating man consists in putting in the minimum number of the wagons into the minimum possible number of Marshalling Yards by forming trains for the farthest common points subject to rules and regulations. If the control is analogous to brain of the operating system, a large Marshalling Yard is a kin to the heart and its working to be planned and monitored with considerable care. Constant vigilance and intelligent and efficient work in day-to-day functions is required as it is one of the important factors governing the capacity and the output of a section. A Marshalling Yard affects not only the traffic it deals with, but also the entire train running on the section, in particular and the working of Railway system in general. The Yard gets easily congested if treated as a holding Yard and if more trains are put in than taken out."""
"C:\Users\Metapercept\Desktop\Nilesh\New-MetR\metR-Converter-PDF\storage\942fd6d3-c493-46d0-baed-af39dd5278f0\pre-xslt-output\command_control_and_coordination_of_emergency_re.dita","CONCEPT","concept_structural_rules.sch","ERROR","Gate 2","","ERROR: 873 consecutive <p> elements found more than 5 . These should be converted into a <ul>/<li> structure. First <p>: ""Yards can be classified as:"""
"C:\Users\Metapercept\Desktop\Nilesh\New-MetR\metR-Converter-PDF\storage\942fd6d3-c493-46d0-baed-af39dd5278f0\pre-xslt-output\command_control_and_coordination_of_emergency_re.dita","CONCEPT","concept_structural_rules.sch","ERROR","Gate 2","","ERROR: 872 consecutive <p> elements found more than 5 . These should be converted into a <ul>/<li> structure. First <p>: ""number of wagons are loaded and/or unloaded. This term is also used for every goods Yard, where a goods train terminates."""
"C:\Users\Metapercept\Desktop\Nilesh\New-MetR\metR-Converter-PDF\storage\942fd6d3-c493-46d0-baed-af39dd5278f0\pre-xslt-output\command_control_and_coordination_of_emergency_re.dita","CONCEPT","concept_structural_rules.sch","ERROR","Gate 2","","ERROR: 871 consecutive <p> elements found more than 5 . These should be converted into a <ul>/<li> structure. First <p>: ""wagons dealt with. The Yard which receive and despatch trains without any shunting on them are classified Transit Yard. In such Yard generally change of Crew, Engine or C&W examination etc. only take place in addition to formations of a few loads. During the last 50 years such yards have become anachronistic and have given way to modern freight terminals the world over. Therefore, this description has value (1) as a historical document (2) as also as guidelines for efficient working of modern freight terminals, described at the end of this chapter."""
"C:\Users\Metapercept\Desktop\Nilesh\New-MetR\metR-Converter-PDF\storage\942fd6d3-c493-46d0-baed-af39dd5278f0\pre-xslt-output\command_control_and_coordination_of_emergency_re.dita","CONCEPT","concept_structural_rules.sch","ERROR","Gate 2","","ERROR: 870 consecutive <p> elements found more than 5 . These should be converted into a <ul>/<li> structure. First <p>: ""Marshalling Yard can be classified under three groups on the basis of the method of sorting out trains:-"""
"C:\Users\Metapercept\Desktop\Nilesh\New-MetR\metR-Converter-PDF\storage\942fd6d3-c493-46d0-baed-af39dd5278f0\pre-xslt-output\command_control_and_coordination_of_emergency_re.dita","CONCEPT","concept_structural_rules.sch","ERROR","Gate 2","","ERROR: 869 consecutive <p> elements found more than 5 . These should be converted into a <ul>/<li> structure. First <p>: ""Some of the components of Marshalling Yards are explained below:"""
"C:\Users\Metapercept\Desktop\Nilesh\New-MetR\metR-Converter-PDF\storage\942fd6d3-c493-46d0-baed-af39dd5278f0\pre-xslt-output\command_control_and_coordination_of_emergency_re.dita","CONCEPT","concept_structural_rules.sch","ERROR","Gate 2","","ERROR: 868 consecutive <p> elements found more than 5 . These should be converted into a <ul>/<li> structure. First <p>: ""In mechanised Yards, retarders or rail brakes are installed to reduce and keep the speed of the humped vehicles under control. The retarders may be automatic or manually operated."""
"C:\Users\Metapercept\Desktop\Nilesh\New-MetR\metR-Converter-PDF\storage\942fd6d3-c493-46d0-baed-af39dd5278f0\pre-xslt-output\command_control_and_coordination_of_emergency_re.dita","CONCEPT","concept_structural_rules.sch","ERROR","Gate 2","","ERROR: 867 consecutive <p> elements found more than 5 . These should be converted into a <ul>/<li> structure. First <p>: ""A Marshalling Yard should necessarily have the best possible telecom facility for proper functioning and efficient supervision of work:"""
"C:\Users\Metapercept\Desktop\Nilesh\New-MetR\metR-Converter-PDF\storage\942fd6d3-c493-46d0-baed-af39dd5278f0\pre-xslt-output\command_control_and_coordination_of_emergency_re.dita","CONCEPT","concept_structural_rules.sch","ERROR","Gate 2","","ERROR: 866 consecutive <p> elements found more than 5 . These should be converted into a <ul>/<li> structure. First <p>: ""him."""
"C:\Users\Metapercept\Desktop\Nilesh\New-MetR\metR-Converter-PDF\storage\942fd6d3-c493-46d0-baed-af39dd5278f0\pre-xslt-output\command_control_and_coordination_of_emergency_re.dita","CONCEPT","concept_structural_rules.sch","ERROR","Gate 2","","ERROR: 865 consecutive <p> elements found more than 5 . These should be converted into a <ul>/<li> structure. First <p>: ""Yard Masters in each shift are responsible for operational work. In dual yard system, there may be more than one Yard Masters, e.g. one for Down Yard and another for Up Yard, on the other hand, where the traffic is comparatively low, Yard Masters may be replaced by Assistant Yard Masters. The next level of supervision is generally related to the shunting engines. Each shunting engine may have an Assistant Yard Master/Shunting Master, attached to it, who controls the movements of the shunting engine. Shunting Jamadar may be included in the organisation to assist them for dealing with the shunting work allotted to each engine. Where the shunting work is not heavy or comparatively unimportant, the Shunting Jamadar may be incharge instead of Yard Master. Each shunting engine generally has a batch of three or four Pointsmen, whose duties are usually as under:"""
"C:\Users\Metapercept\Desktop\Nilesh\New-MetR\metR-Converter-PDF\storage\942fd6d3-c493-46d0-baed-af39dd5278f0\pre-xslt-output\command_control_and_coordination_of_emergency_re.dita","CONCEPT","concept_structural_rules.sch","ERROR","Gate 2","","ERROR: 864 consecutive <p> elements found more than 5 . These should be converted into a <ul>/<li> structure. First <p>: ""The above staff from the organisation for sorting work besides other staff are also required for various auxiliary functions – cabin staff, call boys, box boys (brake or skid porters in hump Yards) etc. apart from the staff of other departments."""
"C:\Users\Metapercept\Desktop\Nilesh\New-MetR\metR-Converter-PDF\storage\942fd6d3-c493-46d0-baed-af39dd5278f0\pre-xslt-output\command_control_and_coordination_of_emergency_re.dita","CONCEPT","concept_structural_rules.sch","ERROR","Gate 2","","ERROR: 863 consecutive <p> elements found more than 5 . These should be converted into a <ul>/<li> structure. First <p>: ""the trains branch. Below them, there are Head TNCs/ Sr.TNCs/TNCs, who may be on shift duties or during day duty only, depending on the work load of the Yard. These Trains Clerks are entrusted with comparatively important work in the trains branch like preparation of Marshalling Yard statistics, maintenance of the Yard Balance Register, Daily Stock Taking etc. The TNCs in shift duties take stock of trains in Reception and Despatching Yard. They also maintain Wagon Exchange Registers, Phase-wise Detention Register and stock on line position. The number of TNCs in a Yard will depend on the number of wagons, trains dealt with in a Yard."""
"C:\Users\Metapercept\Desktop\Nilesh\New-MetR\metR-Converter-PDF\storage\942fd6d3-c493-46d0-baed-af39dd5278f0\pre-xslt-output\command_control_and_coordination_of_emergency_re.dita","CONCEPT","concept_structural_rules.sch","ERROR","Gate 2","","ERROR: 862 consecutive <p> elements found more than 5 . These should be converted into a <ul>/<li> structure. First <p>: ""be laid down in the Yard Working instructions. The instructions should deal with all important aspects of working in detail other than the procedure for reception and despatch of trains, etc., which are required to be given in the Station Working Rules to be useful for the general guidance of staff working in the Yard as well as to the new and the relieving staff. The Yard Working instructions should be prepared generally under the following heads:-"""
"C:\Users\Metapercept\Desktop\Nilesh\New-MetR\metR-Converter-PDF\storage\942fd6d3-c493-46d0-baed-af39dd5278f0\pre-xslt-output\command_control_and_coordination_of_emergency_re.dita","CONCEPT","concept_structural_rules.sch","ERROR","Gate 2","","ERROR: 861 consecutive <p> elements found more than 5 . These should be converted into a <ul>/<li> structure. First <p>: ""Generally a large Yard is required to perform the following work with due regard to efficiency, reliability, economy and safety:"""
"C:\Users\Metapercept\Desktop\Nilesh\New-MetR\metR-Converter-PDF\storage\942fd6d3-c493-46d0-baed-af39dd5278f0\pre-xslt-output\command_control_and_coordination_of_emergency_re.dita","CONCEPT","concept_structural_rules.sch","ERROR","Gate 2","","ERROR: 860 consecutive <p> elements found more than 5 . These should be converted into a <ul>/<li> structure. First <p>: ""loco should be posted temporarily with them until the cause of the trouble is removed."""
"C:\Users\Metapercept\Desktop\Nilesh\New-MetR\metR-Converter-PDF\storage\942fd6d3-c493-46d0-baed-af39dd5278f0\pre-xslt-output\command_control_and_coordination_of_emergency_re.dita","CONCEPT","concept_structural_rules.sch","ERROR","Gate 2","","ERROR: 859 consecutive <p> elements found more than 5 . These should be converted into a <ul>/<li> structure. First <p>: ""The following independent movements within one and the same area should be planned as far as possible."""
"C:\Users\Metapercept\Desktop\Nilesh\New-MetR\metR-Converter-PDF\storage\942fd6d3-c493-46d0-baed-af39dd5278f0\pre-xslt-output\command_control_and_coordination_of_emergency_re.dita","CONCEPT","concept_structural_rules.sch","ERROR","Gate 2","","ERROR: 858 consecutive <p> elements found more than 5 . These should be converted into a <ul>/<li> structure. First <p>: ""General Instructions:"""
"C:\Users\Metapercept\Desktop\Nilesh\New-MetR\metR-Converter-PDF\storage\942fd6d3-c493-46d0-baed-af39dd5278f0\pre-xslt-output\command_control_and_coordination_of_emergency_re.dita","CONCEPT","concept_structural_rules.sch","ERROR","Gate 2","","ERROR: 857 consecutive <p> elements found more than 5 . These should be converted into a <ul>/<li> structure. First <p>: ""wagons for each Yard in a foot-note to the statement."""
"C:\Users\Metapercept\Desktop\Nilesh\New-MetR\metR-Converter-PDF\storage\942fd6d3-c493-46d0-baed-af39dd5278f0\pre-xslt-output\command_control_and_coordination_of_emergency_re.dita","CONCEPT","concept_structural_rules.sch","ERROR","Gate 2","","ERROR: 856 consecutive <p> elements found more than 5 . These should be converted into a <ul>/<li> structure. First <p>: ""Item 1.01 and 1.02 are self explanatory. A wagon should be included under item 1.02 as many"""
"C:\Users\Metapercept\Desktop\Nilesh\New-MetR\metR-Converter-PDF\storage\942fd6d3-c493-46d0-baed-af39dd5278f0\pre-xslt-output\command_control_and_coordination_of_emergency_re.dita","CONCEPT","concept_structural_rules.sch","ERROR","Gate 2","","ERROR: 854 consecutive <p> elements found more than 5 . These should be converted into a <ul>/<li> structure. First <p>: ""Item 2 = Item 1.03 No. of days in the month (iii & iv) Number of trains received and despatched:"""
"C:\Users\Metapercept\Desktop\Nilesh\New-MetR\metR-Converter-PDF\storage\942fd6d3-c493-46d0-baed-af39dd5278f0\pre-xslt-output\command_control_and_coordination_of_emergency_re.dita","CONCEPT","concept_structural_rules.sch","ERROR","Gate 2","","ERROR: 853 consecutive <p> elements found more than 5 . These should be converted into a <ul>/<li> structure. First <p>: ""Item 5.06 = Item 1.03 Items 5.03 + 5.04 Note: (i) While compiling shunting engine hours under item 5.3 and 5.4 the following instructions should be kept in view."""
"C:\Users\Metapercept\Desktop\Nilesh\New-MetR\metR-Converter-PDF\storage\942fd6d3-c493-46d0-baed-af39dd5278f0\pre-xslt-output\command_control_and_coordination_of_emergency_re.dita","CONCEPT","concept_structural_rules.sch","ERROR","Gate 2","","ERROR: 852 consecutive <p> elements found more than 5 . These should be converted into a <ul>/<li> structure. First <p>: ""wagons (equivalent to twenty five four-wheelers) with a total detention of 150 hours. Average detention per wagon will be – 400 x 1 + 200 x 2+ 150 x 2.5 = 7.1 hours 100 x 1 + 20 x 2 + 10 x 2.5"""
"C:\Users\Metapercept\Desktop\Nilesh\New-MetR\metR-Converter-PDF\storage\942fd6d3-c493-46d0-baed-af39dd5278f0\pre-xslt-output\command_control_and_coordination_of_emergency_re.dita","CONCEPT","concept_structural_rules.sch","ERROR","Gate 2","","ERROR: 850 consecutive <p> elements found more than 5 . These should be converted into a <ul>/<li> structure. First <p>: ""Item 6.1 – All wagons – The term ‘all wagons’ includes through loaded, through empty, local loaded, local empty and departmental wagons, wagons on ‘through trains’ (as defined in item 1.01 & 1.02) sick and damage wagons will be excluded. Sick and damaged wagons will be included wherever the sick lines form part of the Marshalling Yard area."""
"C:\Users\Metapercept\Desktop\Nilesh\New-MetR\metR-Converter-PDF\storage\942fd6d3-c493-46d0-baed-af39dd5278f0\pre-xslt-output\command_control_and_coordination_of_emergency_re.dita","CONCEPT","concept_structural_rules.sch","ERROR","Gate 2","","ERROR: 842 consecutive <p> elements found more than 5 . These should be converted into a <ul>/<li> structure. First <p>: ""Closure of conventional marshalling yards was an outcome of –"""
"C:\Users\Metapercept\Desktop\Nilesh\New-MetR\metR-Converter-PDF\storage\942fd6d3-c493-46d0-baed-af39dd5278f0\pre-xslt-output\command_control_and_coordination_of_emergency_re.dita","CONCEPT","concept_structural_rules.sch","ERROR","Gate 2","","ERROR: 841 consecutive <p> elements found more than 5 . These should be converted into a <ul>/<li> structure. First <p>: ""The container revolution ensured that an universal flat rail car could move all description of traffic of varying cargo size – train load, full container load or less than container load. It can quickly eliminate shunting operations, which was replaced by gantry or road mobile trains; picking up containers and repositioning them – the equivalent of tortous shunting as detailed above. It ensured that freight customer does not have to register a wagon or rake, he has to ask for simply a given number of containers which are sent to his premises for loading/unloading and are brought back to modern freight terminals. The exorbitant cost involved in taking freight consignments to railway goods shed and unloading in inward consignment there and carting them to customers’ premises are totally eliminated and inter modal"""
"C:\Users\Metapercept\Desktop\Nilesh\New-MetR\metR-Converter-PDF\storage\942fd6d3-c493-46d0-baed-af39dd5278f0\pre-xslt-output\command_control_and_coordination_of_emergency_re.dita","CONCEPT","concept_structural_rules.sch","ERROR","Gate 2","","ERROR: 840 consecutive <p> elements found more than 5 . These should be converted into a <ul>/<li> structure. First <p>: ""and moved as per customers’ instruction"""
"C:\Users\Metapercept\Desktop\Nilesh\New-MetR\metR-Converter-PDF\storage\942fd6d3-c493-46d0-baed-af39dd5278f0\pre-xslt-output\command_control_and_coordination_of_emergency_re.dita","CONCEPT","concept_structural_rules.sch","ERROR","Gate 2","","ERROR: 839 consecutive <p> elements found more than 5 . These should be converted into a <ul>/<li> structure. First <p>: ""Freight terminal operating company and some of the railroad company who have a customer services centre working round the clock to receive customers instructions for change of destinations, rebooking of cargo etc. and this new environment the freight customer may visits the commercial office to execute agreements or long term contracts. The freight terminal is like a factory where the cargo goes and goes out. Process for bringing about this business like cause is already on way with private operators managing their terminals, running their own trains, serving their customers in an entirely business like environment. In this scenario the erstwhile marshalling yard are in the following areas"""
"C:\Users\Metapercept\Desktop\Nilesh\New-MetR\metR-Converter-PDF\storage\942fd6d3-c493-46d0-baed-af39dd5278f0\pre-xslt-output\command_control_and_coordination_of_emergency_re.dita","CONCEPT","concept_structural_rules.sch","ERROR","Gate 2","","ERROR: 838 consecutive <p> elements found more than 5 . These should be converted into a <ul>/<li> structure. First <p>: ""The transition from conventional; goods shed and marshalling yards of freight terminals have equipped railway system worldwide to win back high profit yielding, finished production from road to rail cum road system which reduces cost to the economy and the customers, substantially reducing the adverse environment impacts of road transport, paving the way for sustainable transport. The future manifestation of railway yards is likely to be as Logistics Park as railways strives to become a logistics provider rather than a mere transporter."""
"C:\Users\Metapercept\Desktop\Nilesh\New-MetR\metR-Converter-PDF\storage\942fd6d3-c493-46d0-baed-af39dd5278f0\pre-xslt-output\command_control_and_coordination_of_emergency_re.dita","CONCEPT","concept_structural_rules.sch","ERROR","Gate 2","","ERROR: 835 consecutive <p> elements found more than 5 . These should be converted into a <ul>/<li> structure. First <p>: ""Concessionaire’s Trains subject to the Concessionaire establishing/ensuring access to Rail Terminals and acquiring a minimum number of Wagons including brake vans to form a Block Rake for the commencement of operations and for transportation of containers."""
"C:\Users\Metapercept\Desktop\Nilesh\New-MetR\metR-Converter-PDF\storage\942fd6d3-c493-46d0-baed-af39dd5278f0\pre-xslt-output\command_control_and_coordination_of_emergency_re.dita","CONCEPT","concept_structural_rules.sch","ERROR","Gate 2","","ERROR: 834 consecutive <p> elements found more than 5 . These should be converted into a <ul>/<li> structure. First <p>: ""Operations Date."""
"C:\Users\Metapercept\Desktop\Nilesh\New-MetR\metR-Converter-PDF\storage\942fd6d3-c493-46d0-baed-af39dd5278f0\pre-xslt-output\command_control_and_coordination_of_emergency_re.dita","CONCEPT","concept_structural_rules.sch","ERROR","Gate 2","","ERROR: 833 consecutive <p> elements found more than 5 . These should be converted into a <ul>/<li> structure. First <p>: ""requirements of this Agreement within three (3) years from the date of award of the In Principle Approval, Railway Administration shall have the right to terminate the Agreement."""
"C:\Users\Metapercept\Desktop\Nilesh\New-MetR\metR-Converter-PDF\storage\942fd6d3-c493-46d0-baed-af39dd5278f0\pre-xslt-output\command_control_and_coordination_of_emergency_re.dita","CONCEPT","concept_structural_rules.sch","ERROR","Gate 2","","ERROR: 832 consecutive <p> elements found more than 5 . These should be converted into a <ul>/<li> structure. First <p>: ""destination Rail Terminals"""
"C:\Users\Metapercept\Desktop\Nilesh\New-MetR\metR-Converter-PDF\storage\942fd6d3-c493-46d0-baed-af39dd5278f0\pre-xslt-output\command_control_and_coordination_of_emergency_re.dita","CONCEPT","concept_structural_rules.sch","ERROR","Gate 2","","ERROR: 831 consecutive <p> elements found more than 5 . These should be converted into a <ul>/<li> structure. First <p>: ""haulage charges as notified from time to time. The present haulage charges are contained in Board’s letter no. 2008/TTIII/73/8 dated 1-7-2008."""
"C:\Users\Metapercept\Desktop\Nilesh\New-MetR\metR-Converter-PDF\storage\942fd6d3-c493-46d0-baed-af39dd5278f0\pre-xslt-output\command_control_and_coordination_of_emergency_re.dita","CONCEPT","concept_structural_rules.sch","ERROR","Gate 2","","ERROR: 830 consecutive <p> elements found more than 5 . These should be converted into a <ul>/<li> structure. First <p>: ""which ordinarily move in railway wagons in trainload as notified commodities, which may be subjected to different tariff and conditions for haulage. At present as per Board’s letter no. 2008/TTIII/73/8 dated 1-7- 2008, carriage of coal, coke, minerals and ores in containers is prohibited."""
"C:\Users\Metapercept\Desktop\Nilesh\New-MetR\metR-Converter-PDF\storage\942fd6d3-c493-46d0-baed-af39dd5278f0\pre-xslt-output\command_control_and_coordination_of_emergency_re.dita","CONCEPT","concept_structural_rules.sch","ERROR","Gate 2","","ERROR: 829 consecutive <p> elements found more than 5 . These should be converted into a <ul>/<li> structure. First <p>: ""shall not ipso facto apply to the Concessionaires. Upon request of the Concessionaire(s), Railway administration may consider extending such schemes to the Concessionaire to the extent possible in a non-discriminatory manner."""
"C:\Users\Metapercept\Desktop\Nilesh\New-MetR\metR-Converter-PDF\storage\942fd6d3-c493-46d0-baed-af39dd5278f0\pre-xslt-output\command_control_and_coordination_of_emergency_re.dita","CONCEPT","concept_structural_rules.sch","ERROR","Gate 2","","ERROR: 828 consecutive <p> elements found more than 5 . These should be converted into a <ul>/<li> structure. First <p>: ""as applicable to other freight traffic moving on Indian Railways shall apply to the Container traffic, except rules specially covered in this Agreement in a non-discriminatory manner amongst similarly placed entities."""
"C:\Users\Metapercept\Desktop\Nilesh\New-MetR\metR-Converter-PDF\storage\942fd6d3-c493-46d0-baed-af39dd5278f0\pre-xslt-output\command_control_and_coordination_of_emergency_re.dita","CONCEPT","concept_structural_rules.sch","ERROR","Gate 2","","ERROR: 827 consecutive <p> elements found more than 5 . These should be converted into a <ul>/<li> structure. First <p>: ""the Concessionaire’s Train and/or a Railway Administration locomotive to enter into and utilize the origin and destination Rail Terminal(s)."""
"C:\Users\Metapercept\Desktop\Nilesh\New-MetR\metR-Converter-PDF\storage\942fd6d3-c493-46d0-baed-af39dd5278f0\pre-xslt-output\command_control_and_coordination_of_emergency_re.dita","CONCEPT","concept_structural_rules.sch","ERROR","Gate 2","","ERROR: 826 consecutive <p> elements found more than 5 . These should be converted into a <ul>/<li> structure. First <p>: ""years of obtaining the license to operate or have access to inland container terminals."""
"C:\Users\Metapercept\Desktop\Nilesh\New-MetR\metR-Converter-PDF\storage\942fd6d3-c493-46d0-baed-af39dd5278f0\pre-xslt-output\command_control_and_coordination_of_emergency_re.dita","CONCEPT","concept_structural_rules.sch","ERROR","Gate 2","","ERROR: 825 consecutive <p> elements found more than 5 . These should be converted into a <ul>/<li> structure. First <p>: ""permitted by the Railways in terms of Rates Circular 10 of 2008."""
"C:\Users\Metapercept\Desktop\Nilesh\New-MetR\metR-Converter-PDF\storage\942fd6d3-c493-46d0-baed-af39dd5278f0\pre-xslt-output\command_control_and_coordination_of_emergency_re.dita","CONCEPT","concept_structural_rules.sch","ERROR","Gate 2","","ERROR: 824 consecutive <p> elements found more than 5 . These should be converted into a <ul>/<li> structure. First <p>: ""conform to the following:"""
"C:\Users\Metapercept\Desktop\Nilesh\New-MetR\metR-Converter-PDF\storage\942fd6d3-c493-46d0-baed-af39dd5278f0\pre-xslt-output\command_control_and_coordination_of_emergency_re.dita","CONCEPT","concept_structural_rules.sch","ERROR","Gate 2","","ERROR: 822 consecutive <p> elements found more than 5 . These should be converted into a <ul>/<li> structure. First <p>: ""Concessionaire’s Train."""
"C:\Users\Metapercept\Desktop\Nilesh\New-MetR\metR-Converter-PDF\storage\942fd6d3-c493-46d0-baed-af39dd5278f0\pre-xslt-output\command_control_and_coordination_of_emergency_re.dita","CONCEPT","concept_structural_rules.sch","ERROR","Gate 2","","ERROR: 821 consecutive <p> elements found more than 5 . These should be converted into a <ul>/<li> structure. First <p>: ""and Containers required for the purposes of operating the Concessionaire’s Trains. However, till such time as the Concessionaire procures the required Brake Vans, Railway Administration may provide its own Brake Vans (provided they are available), on non-discriminatory basis, at a reasonable charge, notified by the Railway Administration from time to time."""
"C:\Users\Metapercept\Desktop\Nilesh\New-MetR\metR-Converter-PDF\storage\942fd6d3-c493-46d0-baed-af39dd5278f0\pre-xslt-output\command_control_and_coordination_of_emergency_re.dita","CONCEPT","concept_structural_rules.sch","ERROR","Gate 2","","ERROR: 820 consecutive <p> elements found more than 5 . These should be converted into a <ul>/<li> structure. First <p>: ""Concessionaire may offer to the Railway Administration or other Concessionaires, use of any such Idle Wagons. However, Railway Administration shall be under no obligation to accept such an offer of the Concessionaire for use of any Idle Wagons and may levy a Stabling Charge as specified."""
"C:\Users\Metapercept\Desktop\Nilesh\New-MetR\metR-Converter-PDF\storage\942fd6d3-c493-46d0-baed-af39dd5278f0\pre-xslt-output\command_control_and_coordination_of_emergency_re.dita","CONCEPT","concept_structural_rules.sch","ERROR","Gate 2","","ERROR: 819 consecutive <p> elements found more than 5 . These should be converted into a <ul>/<li> structure. First <p>: ""control and make use of the Wagons of the Concessionaire. For any such Emergency Use, Railway Administration shall pay to the Concessionaire, a reasonable rent/charge to cover the cost of provisions, maintenance and operation of the Wagon."""
"C:\Users\Metapercept\Desktop\Nilesh\New-MetR\metR-Converter-PDF\storage\942fd6d3-c493-46d0-baed-af39dd5278f0\pre-xslt-output\command_control_and_coordination_of_emergency_re.dita","CONCEPT","concept_structural_rules.sch","ERROR","Gate 2","","ERROR: 818 consecutive <p> elements found more than 5 . These should be converted into a <ul>/<li> structure. First <p>: ""Railway Administration in accordance with Good Industry Practice for the Concessionaire’s Containers, rail related equipment and tracks."""
"C:\Users\Metapercept\Desktop\Nilesh\New-MetR\metR-Converter-PDF\storage\942fd6d3-c493-46d0-baed-af39dd5278f0\pre-xslt-output\command_control_and_coordination_of_emergency_re.dita","CONCEPT","concept_structural_rules.sch","ERROR","Gate 2","","ERROR: 817 consecutive <p> elements found more than 5 . These should be converted into a <ul>/<li> structure. First <p>: ""with the maintenance schedule notified by the Railway Administration. Such maintenance shall, inter alia, include intensive examination, routine overhaul (“ROH”) and periodic overhaul (“POH”). The Concessionaire will provide and maintain the requisite Wagon examination facilities(as specified by railway Administration) inside the Rail Terminal and bear a one time capital cost for tools and plants as specified by Railway Administration and approved by RDSO."""
"C:\Users\Metapercept\Desktop\Nilesh\New-MetR\metR-Converter-PDF\storage\942fd6d3-c493-46d0-baed-af39dd5278f0\pre-xslt-output\command_control_and_coordination_of_emergency_re.dita","CONCEPT","concept_structural_rules.sch","ERROR","Gate 2","","ERROR: 816 consecutive <p> elements found more than 5 . These should be converted into a <ul>/<li> structure. First <p>: ""Wagons shall be included in the Haulage Charges. The present Haulage Charges include 5% thereof by way of maintenance charges."""
"C:\Users\Metapercept\Desktop\Nilesh\New-MetR\metR-Converter-PDF\storage\942fd6d3-c493-46d0-baed-af39dd5278f0\pre-xslt-output\command_control_and_coordination_of_emergency_re.dita","CONCEPT","concept_structural_rules.sch","ERROR","Gate 2","","ERROR: 815 consecutive <p> elements found more than 5 . These should be converted into a <ul>/<li> structure. First <p>: ""hours from the time the Concessionaire’s Wagons (in empty Rake formation) are handed over by the Concessionaire for such examination. Provided however, that the minimum interval between two successive Rakes offered for intensive train examination shall be at least 6 hours. Alternatively, the Railway Administration may examine the Concessionaire’s Wagons at suitable point enroute its destination where the facilities for such examination exists. The time stipulated for maintenance shall not be applicable vis-à-vis such Concessionaire’s Wagons that are declared sick during the course of examination and are required to be detached from the Concessionaire’s Train for sick line/ workshop attention."""
"C:\Users\Metapercept\Desktop\Nilesh\New-MetR\metR-Converter-PDF\storage\942fd6d3-c493-46d0-baed-af39dd5278f0\pre-xslt-output\command_control_and_coordination_of_emergency_re.dita","CONCEPT","concept_structural_rules.sch","ERROR","Gate 2","","ERROR: 814 consecutive <p> elements found more than 5 . These should be converted into a <ul>/<li> structure. First <p>: ""intensive train examination, it shall pay to the Concessionaire for every 24 hours of delay (inclusive of initial 6 hours) so caused, an amount equal to the Stabling Charges payable for such period of delay."""
"C:\Users\Metapercept\Desktop\Nilesh\New-MetR\metR-Converter-PDF\storage\942fd6d3-c493-46d0-baed-af39dd5278f0\pre-xslt-output\command_control_and_coordination_of_emergency_re.dita","CONCEPT","concept_structural_rules.sch","ERROR","Gate 2","","ERROR: 813 consecutive <p> elements found more than 5 . These should be converted into a <ul>/<li> structure. First <p>: ""other entity including the Concessionaire on such terms and conditions as specified by the Railway Administration from time to time provided however, that the maintenance is carried out as per maintenance schedules and various stages of inspection as may be notified by Railway Administration and pre- departure certification of such Wagons shall be issued by the Railway Administration for which the prescribed charges shall be paid by the Concessionaire."""
"C:\Users\Metapercept\Desktop\Nilesh\New-MetR\metR-Converter-PDF\storage\942fd6d3-c493-46d0-baed-af39dd5278f0\pre-xslt-output\command_control_and_coordination_of_emergency_re.dita","CONCEPT","concept_structural_rules.sch","ERROR","Gate 2","","ERROR: 812 consecutive <p> elements found more than 5 . These should be converted into a <ul>/<li> structure. First <p>: ""Railway Administration for carrying out maintenance as per the schedule specified by the Railway Administration."""
"C:\Users\Metapercept\Desktop\Nilesh\New-MetR\metR-Converter-PDF\storage\942fd6d3-c493-46d0-baed-af39dd5278f0\pre-xslt-output\command_control_and_coordination_of_emergency_re.dita","CONCEPT","concept_structural_rules.sch","ERROR","Gate 2","","ERROR: 811 consecutive <p> elements found more than 5 . These should be converted into a <ul>/<li> structure. First <p>: ""workshop/maintenance depot/train examination point of the Railway Administration and back shall be borne by the Railway Administration, provided however, that the scheduled haulage charges shall be payable by the Concessionaire in the event maintenance is carried out by an entity other than the Railway Administration and inspection is carried out by the Railway Administration at the location of maintenance."""
"C:\Users\Metapercept\Desktop\Nilesh\New-MetR\metR-Converter-PDF\storage\942fd6d3-c493-46d0-baed-af39dd5278f0\pre-xslt-output\command_control_and_coordination_of_emergency_re.dita","CONCEPT","concept_structural_rules.sch","ERROR","Gate 2","","ERROR: 809 consecutive <p> elements found more than 5 . These should be converted into a <ul>/<li> structure. First <p>: ""Concessionaire’s Trains on a non-discriminatory and non exclusive basis vis-à-vis other Concessionaires only."""
"C:\Users\Metapercept\Desktop\Nilesh\New-MetR\metR-Converter-PDF\storage\942fd6d3-c493-46d0-baed-af39dd5278f0\pre-xslt-output\command_control_and_coordination_of_emergency_re.dita","CONCEPT","concept_structural_rules.sch","ERROR","Gate 2","","ERROR: 808 consecutive <p> elements found more than 5 . These should be converted into a <ul>/<li> structure. First <p>: ""shall submit an indent (“Indent for Locomotive”) for supply of locomotive. The existing incentive schemes if any or incentive schemes that may be introduced in future for supply of locomotives may be extended to the Concessionaire’s Trains with suitable modifications such that it is applied in a non discriminatory manner among different concessionaires."""
"C:\Users\Metapercept\Desktop\Nilesh\New-MetR\metR-Converter-PDF\storage\942fd6d3-c493-46d0-baed-af39dd5278f0\pre-xslt-output\command_control_and_coordination_of_emergency_re.dita","CONCEPT","concept_structural_rules.sch","ERROR","Gate 2","","ERROR: 807 consecutive <p> elements found more than 5 . These should be converted into a <ul>/<li> structure. First <p>: ""however, the Concessionaire shall be liable to pay to Railway Administration indent cancellation charges equivalent to one (1) hour Locomotive Detention Charges. In the event, indent for cancellation of locomotive is received by Railway Administration after the loco is dispatched for the Rail Terminal, the Concessionaire in addition to indent cancellation charges, shall also be liable to pay to Railway Administration such charges as may be prescribed by Railway Administration for the infructuous movement of locomotive both ways. Such charges, however, shall not exceed the charges levied for the movement of the locomotive for the distance from the nearest locomotive shed."""
"C:\Users\Metapercept\Desktop\Nilesh\New-MetR\metR-Converter-PDF\storage\942fd6d3-c493-46d0-baed-af39dd5278f0\pre-xslt-output\command_control_and_coordination_of_emergency_re.dita","CONCEPT","concept_structural_rules.sch","ERROR","Gate 2","","ERROR: 806 consecutive <p> elements found more than 5 . These should be converted into a <ul>/<li> structure. First <p>: ""the Rail Terminal where the train is required to terminate, as the case may be, the Concessionaire’s Train, for whatsoever reason not attributable to Railway Administration, is not attached or detached and released (as the case may be), prior to expiry of the Free Waiting Time of two hours (entry to exit), the Concessionaire shall be liable to pay to Railway Administration, Locomotive Detention Charges for every hour (or part thereof) for which the locomotive is detained beyond the Free Waiting Time. Provided however, if a locomotive is detained for a period of more than eight (8) hours at any Rail Terminal (either the Rail Terminal of origin or of termination, as the case may be), then, without prejudice to the Concessionaire’s liability to pay to Railway Administration the Locomotive Detention Charges, Railway Administration shall have the right, but not the obligation, to withdraw and/remove the locomotive from such Rail Terminal. In case Railway Administration withdraws and/or remove the locomotive from the Rail Terminal after detention of 8 hours, the detention along with movement charges shall be levied without granting any free time. In the event Railway Administration withdraws the locomotive then, the Indent for locomotive shall deemed to have lapsed, with no further effect. These provisions shall also apply to the situation where the locomotive arrives at a Rail Terminal where the train is scheduled to terminate, but is denied entry into such Rail Terminal for reasons attributable to the Concessionaire and /or the Rail Terminal operator."""
"C:\Users\Metapercept\Desktop\Nilesh\New-MetR\metR-Converter-PDF\storage\942fd6d3-c493-46d0-baed-af39dd5278f0\pre-xslt-output\command_control_and_coordination_of_emergency_re.dita","CONCEPT","concept_structural_rules.sch","ERROR","Gate 2","","ERROR: 805 consecutive <p> elements found more than 5 . These should be converted into a <ul>/<li> structure. First <p>: ""beyond the Free Waiting Time shall be at the rates as prescribed for Diesel/Electric Train Engines by the Railway Administration from time to time. The current Locomotive Detention Charges are contained in Rates Circular No. 18 of 2008."""
"C:\Users\Metapercept\Desktop\Nilesh\New-MetR\metR-Converter-PDF\storage\942fd6d3-c493-46d0-baed-af39dd5278f0\pre-xslt-output\command_control_and_coordination_of_emergency_re.dita","CONCEPT","concept_structural_rules.sch","ERROR","Gate 2","","ERROR: 804 consecutive <p> elements found more than 5 . These should be converted into a <ul>/<li> structure. First <p>: ""the indented schedule time of departure of the Concessionaire’s Train, be liable to give to the Concessionaire a one time rebate equal to two (2) percent of the haulage charges payable by the Concessionaire for the Booked Route. This rebate shall, however, not be admissible in contingencies such as interruption of traffic due to accidents or any other similar unavoidable reasons beyond the control of Railway Administration."""
"C:\Users\Metapercept\Desktop\Nilesh\New-MetR\metR-Converter-PDF\storage\942fd6d3-c493-46d0-baed-af39dd5278f0\pre-xslt-output\command_control_and_coordination_of_emergency_re.dita","CONCEPT","concept_structural_rules.sch","ERROR","Gate 2","","ERROR: 803 consecutive <p> elements found more than 5 . These should be converted into a <ul>/<li> structure. First <p>: ""Concessionaire’s Train operates with lesser number of Wagons/Containers than those prescribed in the Block Rakes (“Non-Block Rake Trains”), the haulage charges for such Non-Block Rake Trains shall be recovered on the basis of the minimum composition of Block Rake as specified by Railway Administration. Provided, however, in the event a Concessionaire’s Train has less than half the Wagons required to constitute a Block Rake, the Railway Administration shall have the right to refuse to haul the Concessionaire’s train comprising less than half a Block Rake. The Railway Administration may however, at its sole discretion extend the facility of two point rakes for Container Trains during specified periods and on specified routes."""
"C:\Users\Metapercept\Desktop\Nilesh\New-MetR\metR-Converter-PDF\storage\942fd6d3-c493-46d0-baed-af39dd5278f0\pre-xslt-output\command_control_and_coordination_of_emergency_re.dita","CONCEPT","concept_structural_rules.sch","ERROR","Gate 2","","ERROR: 802 consecutive <p> elements found more than 5 . These should be converted into a <ul>/<li> structure. First <p>: ""shall be booked by the shortest route possible (the “Booked Route”) and the haulage charges shall be determined with reference to such Booked Route. Provided however, in case of any accident or other operational exigencies on, or affecting, the Booked Routes, Railway Administration shall, in its sole discretion, be entitled to transport the Concessionaire’s Train by an alternative route (“Alternate Route”). The Concessionaire shall be liable to pay haulage charges only for the Booked Route even when Concessionaire’s Train is transported by an Alternate Route. Provided that in case the Concessionaire’s Trains are carried by a longer route in pursuance of the Rationalisation Scheme of MOR (under section 71"""
"C:\Users\Metapercept\Desktop\Nilesh\New-MetR\metR-Converter-PDF\storage\942fd6d3-c493-46d0-baed-af39dd5278f0\pre-xslt-output\command_control_and_coordination_of_emergency_re.dita","CONCEPT","concept_structural_rules.sch","ERROR","Gate 2","","ERROR: 800 consecutive <p> elements found more than 5 . These should be converted into a <ul>/<li> structure. First <p>: ""prior to the day of programmed loading (excluding the day of loading itself) of a Concessionaire’s Train, confirm to Railway Administration the departure schedule of such Concessionaire’s Train, provided that such notices shall not in any way be binding and shall be only indicative of the Concessionaire’s operations schedule for the following week / day."""
"C:\Users\Metapercept\Desktop\Nilesh\New-MetR\metR-Converter-PDF\storage\942fd6d3-c493-46d0-baed-af39dd5278f0\pre-xslt-output\command_control_and_coordination_of_emergency_re.dita","CONCEPT","concept_structural_rules.sch","ERROR","Gate 2","","ERROR: 799 consecutive <p> elements found more than 5 . These should be converted into a <ul>/<li> structure. First <p>: ""devise and implement a transparent and non-discriminatory system for dispatch of Concessionaire’s Trains on a first come first served basis."""
"C:\Users\Metapercept\Desktop\Nilesh\New-MetR\metR-Converter-PDF\storage\942fd6d3-c493-46d0-baed-af39dd5278f0\pre-xslt-output\command_control_and_coordination_of_emergency_re.dita","CONCEPT","concept_structural_rules.sch","ERROR","Gate 2","","ERROR: 798 consecutive <p> elements found more than 5 . These should be converted into a <ul>/<li> structure. First <p>: ""Concessionaire’s Train(s) shall be subject to any operational exigencies and/or system restrictions."""
"C:\Users\Metapercept\Desktop\Nilesh\New-MetR\metR-Converter-PDF\storage\942fd6d3-c493-46d0-baed-af39dd5278f0\pre-xslt-output\command_control_and_coordination_of_emergency_re.dita","CONCEPT","concept_structural_rules.sch","ERROR","Gate 2","","ERROR: 797 consecutive <p> elements found more than 5 . These should be converted into a <ul>/<li> structure. First <p>: ""Concessionaire’s Trains."""
"C:\Users\Metapercept\Desktop\Nilesh\New-MetR\metR-Converter-PDF\storage\942fd6d3-c493-46d0-baed-af39dd5278f0\pre-xslt-output\command_control_and_coordination_of_emergency_re.dita","CONCEPT","concept_structural_rules.sch","ERROR","Gate 2","","ERROR: 796 consecutive <p> elements found more than 5 . These should be converted into a <ul>/<li> structure. First <p>: ""restriction on the number and frequency of Concessionaire’s Trains that the Concessionaire may require Railway Administration to haul pursuant to this Agreement."""
"C:\Users\Metapercept\Desktop\Nilesh\New-MetR\metR-Converter-PDF\storage\942fd6d3-c493-46d0-baed-af39dd5278f0\pre-xslt-output\command_control_and_coordination_of_emergency_re.dita","CONCEPT","concept_structural_rules.sch","ERROR","Gate 2","","ERROR: 795 consecutive <p> elements found more than 5 . These should be converted into a <ul>/<li> structure. First <p>: ""departure of a Concessionaire’s Train, the diversion/re-diversion of such Concessionaire’s Train to any other Rail Terminal, in accordance with the various terms and conditions (including but not limited to payment of haulage charges and other charges) and procedures specified by Railway Administration from time to time subject to its operational exigencies and/or for system restrictions. It is clarified that the Railway Administration shall not be under a legal obligation to comply with such request."""
"C:\Users\Metapercept\Desktop\Nilesh\New-MetR\metR-Converter-PDF\storage\942fd6d3-c493-46d0-baed-af39dd5278f0\pre-xslt-output\command_control_and_coordination_of_emergency_re.dita","CONCEPT","concept_structural_rules.sch","ERROR","Gate 2","","ERROR: 794 consecutive <p> elements found more than 5 . These should be converted into a <ul>/<li> structure. First <p>: ""following events :"""
"C:\Users\Metapercept\Desktop\Nilesh\New-MetR\metR-Converter-PDF\storage\942fd6d3-c493-46d0-baed-af39dd5278f0\pre-xslt-output\command_control_and_coordination_of_emergency_re.dita","CONCEPT","concept_structural_rules.sch","ERROR","Gate 2","","ERROR: 793 consecutive <p> elements found more than 5 . These should be converted into a <ul>/<li> structure. First <p>: ""(iv) Provided however that Stabling Charges shall be levied only where the detention of the Concessionaire’s Train is for a period in excess of 4 hours. Stabling Charges shall be payable at the rates notified by Railway Administration from time to time and the Railway Administration shall have the right to revise the Stabling Charges on an annual basis; provided that any increase in charges in any Financial Year during the term of this Agreement, shall not exceed 10% (ten percent) of the charges payable in the preceding year. The current Stabling Charges are contained in Railway Board’s letter no. TC-I/98/201/4 dated 17.1.2008."""
"C:\Users\Metapercept\Desktop\Nilesh\New-MetR\metR-Converter-PDF\storage\942fd6d3-c493-46d0-baed-af39dd5278f0\pre-xslt-output\command_control_and_coordination_of_emergency_re.dita","CONCEPT","concept_structural_rules.sch","ERROR","Gate 2","","ERROR: 789 consecutive <p> elements found more than 5 . These should be converted into a <ul>/<li> structure. First <p>: ""to them while on Railway Premises."""
"C:\Users\Metapercept\Desktop\Nilesh\New-MetR\metR-Converter-PDF\storage\942fd6d3-c493-46d0-baed-af39dd5278f0\pre-xslt-output\command_control_and_coordination_of_emergency_re.dita","CONCEPT","concept_structural_rules.sch","ERROR","Gate 2","","ERROR: 788 consecutive <p> elements found more than 5 . These should be converted into a <ul>/<li> structure. First <p>: ""apply when two or more ladies are travelling in the same compartment with out any objection and any inconvenience."""
"C:\Users\Metapercept\Desktop\Nilesh\New-MetR\metR-Converter-PDF\storage\942fd6d3-c493-46d0-baed-af39dd5278f0\pre-xslt-output\command_control_and_coordination_of_emergency_re.dita","CONCEPT","concept_structural_rules.sch","ERROR","Gate 2","","ERROR: 787 consecutive <p> elements found more than 5 . These should be converted into a <ul>/<li> structure. First <p>: ""When any portion of a passenger train over shoots a platform, or when a platform is too short to accommodate a full train, at night, passengers who are obliged to alight on ballast should be told that they should alight carefully as there is no platform. If a carriage at the end of a train is off the platform, the Guard should also call out a similar caution to the passengers."""
"C:\Users\Metapercept\Desktop\Nilesh\New-MetR\metR-Converter-PDF\storage\942fd6d3-c493-46d0-baed-af39dd5278f0\pre-xslt-output\command_control_and_coordination_of_emergency_re.dita","CONCEPT","concept_structural_rules.sch","ERROR","Gate 2","","ERROR: 786 consecutive <p> elements found more than 5 . These should be converted into a <ul>/<li> structure. First <p>: ""Attendance"""
"C:\Users\Metapercept\Desktop\Nilesh\New-MetR\metR-Converter-PDF\storage\942fd6d3-c493-46d0-baed-af39dd5278f0\pre-xslt-output\command_control_and_coordination_of_emergency_re.dita","CONCEPT","concept_structural_rules.sch","ERROR","Gate 2","","ERROR: 785 consecutive <p> elements found more than 5 . These should be converted into a <ul>/<li> structure. First <p>: ""(ii) See that the window catches and other safety devices fitted in II Class compartments reserved for ladies are in perfect working order and get the deficiencies repaired."""
"C:\Users\Metapercept\Desktop\Nilesh\New-MetR\metR-Converter-PDF\storage\942fd6d3-c493-46d0-baed-af39dd5278f0\pre-xslt-output\command_control_and_coordination_of_emergency_re.dita","CONCEPT","concept_structural_rules.sch","ERROR","Gate 2","","ERROR: 782 consecutive <p> elements found more than 5 . These should be converted into a <ul>/<li> structure. First <p>: ""(vi) Before a train begins a night journey, ensure that the safety bolts provided on the inside of windows and doors of Upper Class carriages and ladies compartment are in working order."""
"C:\Users\Metapercept\Desktop\Nilesh\New-MetR\metR-Converter-PDF\storage\942fd6d3-c493-46d0-baed-af39dd5278f0\pre-xslt-output\command_control_and_coordination_of_emergency_re.dita","CONCEPT","concept_structural_rules.sch","ERROR","Gate 2","","ERROR: 775 consecutive <p> elements found more than 5 . These should be converted into a <ul>/<li> structure. First <p>: ""(ii) If there are defects in the working of any of the fans and lights, he shall get them rectified by the train lighting staff."""
"C:\Users\Metapercept\Desktop\Nilesh\New-MetR\metR-Converter-PDF\storage\942fd6d3-c493-46d0-baed-af39dd5278f0\pre-xslt-output\command_control_and_coordination_of_emergency_re.dita","CONCEPT","concept_structural_rules.sch","ERROR","Gate 2","","ERROR: 772 consecutive <p> elements found more than 5 . These should be converted into a <ul>/<li> structure. First <p>: ""(vi) He shall check Vendors and G.R.P/RPF compartments to ensure their correct use."""
"C:\Users\Metapercept\Desktop\Nilesh\New-MetR\metR-Converter-PDF\storage\942fd6d3-c493-46d0-baed-af39dd5278f0\pre-xslt-output\command_control_and_coordination_of_emergency_re.dita","CONCEPT","concept_structural_rules.sch","ERROR","Gate 2","","ERROR: 768 consecutive <p> elements found more than 5 . These should be converted into a <ul>/<li> structure. First <p>: ""(xi) During the night, he shall awake upper class passengers who express their desire to be called at a particular station and in the event of his change of duty en route, ask his reliever to do so."""
"C:\Users\Metapercept\Desktop\Nilesh\New-MetR\metR-Converter-PDF\storage\942fd6d3-c493-46d0-baed-af39dd5278f0\pre-xslt-output\command_control_and_coordination_of_emergency_re.dita","CONCEPT","concept_structural_rules.sch","ERROR","Gate 2","","ERROR: 758 consecutive <p> elements found more than 5 . These should be converted into a <ul>/<li> structure. First <p>: ""relating to his duties."""
"C:\Users\Metapercept\Desktop\Nilesh\New-MetR\metR-Converter-PDF\storage\942fd6d3-c493-46d0-baed-af39dd5278f0\pre-xslt-output\command_control_and_coordination_of_emergency_re.dita","CONCEPT","concept_structural_rules.sch","ERROR","Gate 2","","ERROR: 757 consecutive <p> elements found more than 5 . These should be converted into a <ul>/<li> structure. First <p>: ""in force."""
"C:\Users\Metapercept\Desktop\Nilesh\New-MetR\metR-Converter-PDF\storage\942fd6d3-c493-46d0-baed-af39dd5278f0\pre-xslt-output\command_control_and_coordination_of_emergency_re.dita","CONCEPT","concept_structural_rules.sch","ERROR","Gate 2","","ERROR: 756 consecutive <p> elements found more than 5 . These should be converted into a <ul>/<li> structure. First <p>: ""remedial action which may be:-"""
"C:\Users\Metapercept\Desktop\Nilesh\New-MetR\metR-Converter-PDF\storage\942fd6d3-c493-46d0-baed-af39dd5278f0\pre-xslt-output\command_control_and_coordination_of_emergency_re.dita","CONCEPT","concept_structural_rules.sch","ERROR","Gate 2","","ERROR: 755 consecutive <p> elements found more than 5 . These should be converted into a <ul>/<li> structure. First <p>: ""experienced by staff including their personal grievances and seeking on the spot redressal."""
"C:\Users\Metapercept\Desktop\Nilesh\New-MetR\metR-Converter-PDF\storage\942fd6d3-c493-46d0-baed-af39dd5278f0\pre-xslt-output\command_control_and_coordination_of_emergency_re.dita","CONCEPT","concept_structural_rules.sch","ERROR","Gate 2","","ERROR: 754 consecutive <p> elements found more than 5 . These should be converted into a <ul>/<li> structure. First <p>: ""operation."""
"C:\Users\Metapercept\Desktop\Nilesh\New-MetR\metR-Converter-PDF\storage\942fd6d3-c493-46d0-baed-af39dd5278f0\pre-xslt-output\command_control_and_coordination_of_emergency_re.dita","CONCEPT","concept_structural_rules.sch","ERROR","Gate 2","","ERROR: 753 consecutive <p> elements found more than 5 . These should be converted into a <ul>/<li> structure. First <p>: ""according to instructions."""
"C:\Users\Metapercept\Desktop\Nilesh\New-MetR\metR-Converter-PDF\storage\942fd6d3-c493-46d0-baed-af39dd5278f0\pre-xslt-output\command_control_and_coordination_of_emergency_re.dita","CONCEPT","concept_structural_rules.sch","ERROR","Gate 2","","ERROR: 752 consecutive <p> elements found more than 5 . These should be converted into a <ul>/<li> structure. First <p>: ""willingness to help."""
"C:\Users\Metapercept\Desktop\Nilesh\New-MetR\metR-Converter-PDF\storage\942fd6d3-c493-46d0-baed-af39dd5278f0\pre-xslt-output\command_control_and_coordination_of_emergency_re.dita","CONCEPT","concept_structural_rules.sch","ERROR","Gate 2","","ERROR: 751 consecutive <p> elements found more than 5 . These should be converted into a <ul>/<li> structure. First <p>: ""safeguarded."""
"C:\Users\Metapercept\Desktop\Nilesh\New-MetR\metR-Converter-PDF\storage\942fd6d3-c493-46d0-baed-af39dd5278f0\pre-xslt-output\command_control_and_coordination_of_emergency_re.dita","CONCEPT","concept_structural_rules.sch","ERROR","Gate 2","","ERROR: 750 consecutive <p> elements found more than 5 . These should be converted into a <ul>/<li> structure. First <p>: ""Inspections, thus provide the means to achieve efficiency and effectiveness through spot checks and personal contact with the staff on line. In order to accomplish these objectives, inspections have to be carried out at officer's and Supervisor's level. The inspecting official has to command the respect and obedience of staff, for his inspection to be effective and beneficial and as such his conduct should be exemplary. Types of Inspections: The following inspections have to be carried out by operating and safety officials:-"""
"C:\Users\Metapercept\Desktop\Nilesh\New-MetR\metR-Converter-PDF\storage\942fd6d3-c493-46d0-baed-af39dd5278f0\pre-xslt-output\command_control_and_coordination_of_emergency_re.dita","CONCEPT","concept_structural_rules.sch","ERROR","Gate 2","","ERROR: 727 consecutive <p> elements found more than 5 . These should be converted into a <ul>/<li> structure. First <p>: ""General Guidelines for Inspecting Official:"""
"C:\Users\Metapercept\Desktop\Nilesh\New-MetR\metR-Converter-PDF\storage\942fd6d3-c493-46d0-baed-af39dd5278f0\pre-xslt-output\command_control_and_coordination_of_emergency_re.dita","CONCEPT","concept_structural_rules.sch","ERROR","Gate 2","","ERROR: 726 consecutive <p> elements found more than 5 . These should be converted into a <ul>/<li> structure. First <p>: ""made by other inspecting official should be carefully persued to check whether the staff have complied with their instructions. If any of these instructions have not been carried out written explanation of the Station Master should be obtained."""
"C:\Users\Metapercept\Desktop\Nilesh\New-MetR\metR-Converter-PDF\storage\942fd6d3-c493-46d0-baed-af39dd5278f0\pre-xslt-output\command_control_and_coordination_of_emergency_re.dita","CONCEPT","concept_structural_rules.sch","ERROR","Gate 2","","ERROR: 725 consecutive <p> elements found more than 5 . These should be converted into a <ul>/<li> structure. First <p>: ""personally while at the station to the extent possible."""
"C:\Users\Metapercept\Desktop\Nilesh\New-MetR\metR-Converter-PDF\storage\942fd6d3-c493-46d0-baed-af39dd5278f0\pre-xslt-output\command_control_and_coordination_of_emergency_re.dita","CONCEPT","concept_structural_rules.sch","ERROR","Gate 2","","ERROR: 724 consecutive <p> elements found more than 5 . These should be converted into a <ul>/<li> structure. First <p>: ""Technique of Inspections:"""
"C:\Users\Metapercept\Desktop\Nilesh\New-MetR\metR-Converter-PDF\storage\942fd6d3-c493-46d0-baed-af39dd5278f0\pre-xslt-output\command_control_and_coordination_of_emergency_re.dita","CONCEPT","concept_structural_rules.sch","ERROR","Gate 2","","ERROR: 722 consecutive <p> elements found more than 5 . These should be converted into a <ul>/<li> structure. First <p>: ""the instructions in regard to reception, despatch, crossing, shunting and running through of trains. For this he should have a good knowledge of not only General & Subsidiary Rules but also of Station Working Rules."""
"C:\Users\Metapercept\Desktop\Nilesh\New-MetR\metR-Converter-PDF\storage\942fd6d3-c493-46d0-baed-af39dd5278f0\pre-xslt-output\command_control_and_coordination_of_emergency_re.dita","CONCEPT","concept_structural_rules.sch","ERROR","Gate 2","","ERROR: 721 consecutive <p> elements found more than 5 . These should be converted into a <ul>/<li> structure. First <p>: ""a clear conception about them in his mind. For instance he may like to emphasise on the correct reception and despatch of trains and observance of safety rules by the staff or on utilisation of stock, detention to passenger or goods train, knowledge of staff etc."""
"C:\Users\Metapercept\Desktop\Nilesh\New-MetR\metR-Converter-PDF\storage\942fd6d3-c493-46d0-baed-af39dd5278f0\pre-xslt-output\command_control_and_coordination_of_emergency_re.dita","CONCEPT","concept_structural_rules.sch","ERROR","Gate 2","","ERROR: 720 consecutive <p> elements found more than 5 . These should be converted into a <ul>/<li> structure. First <p>: ""equipments used for operations and secondly by means of personal observation of actual operations."""
"C:\Users\Metapercept\Desktop\Nilesh\New-MetR\metR-Converter-PDF\storage\942fd6d3-c493-46d0-baed-af39dd5278f0\pre-xslt-output\command_control_and_coordination_of_emergency_re.dita","CONCEPT","concept_structural_rules.sch","ERROR","Gate 2","","ERROR: 718 consecutive <p> elements found more than 5 . These should be converted into a <ul>/<li> structure. First <p>: ""inspection and time of inspections and time of disposal, should be subjected to concentrated, minute and probing checks and cross checks. It may be worth while to select two or more separate periods. One of these being that immediately preceding the day of inspection. This will help him in not only detecting the irregularities being committed but also whether these have been continuing for the past some time."""
"C:\Users\Metapercept\Desktop\Nilesh\New-MetR\metR-Converter-PDF\storage\942fd6d3-c493-46d0-baed-af39dd5278f0\pre-xslt-output\command_control_and_coordination_of_emergency_re.dita","CONCEPT","concept_structural_rules.sch","ERROR","Gate 2","","ERROR: 717 consecutive <p> elements found more than 5 . These should be converted into a <ul>/<li> structure. First <p>: ""work as well as those supervising their work. Such a discussion will prove to be educative and produce useful results."""
"C:\Users\Metapercept\Desktop\Nilesh\New-MetR\metR-Converter-PDF\storage\942fd6d3-c493-46d0-baed-af39dd5278f0\pre-xslt-output\command_control_and_coordination_of_emergency_re.dita","CONCEPT","concept_structural_rules.sch","ERROR","Gate 2","","ERROR: 716 consecutive <p> elements found more than 5 . These should be converted into a <ul>/<li> structure. First <p>: ""Interlocking branch or Loco Train Examining, Civil Engineering and Commercial Branches jointly for objectivity and acceptable solutions. This will help in not only arriving at correct conclusions and forming sound views but also in avoiding unnecessary correspondence."""
"C:\Users\Metapercept\Desktop\Nilesh\New-MetR\metR-Converter-PDF\storage\942fd6d3-c493-46d0-baed-af39dd5278f0\pre-xslt-output\command_control_and_coordination_of_emergency_re.dita","CONCEPT","concept_structural_rules.sch","ERROR","Gate 2","","ERROR: 713 consecutive <p> elements found more than 5 . These should be converted into a <ul>/<li> structure. First <p>: ""Once signal is taken off it shall not be possible to alter the points, to unlock the gate lever etc until all signals are taken off have been put back."""
"C:\Users\Metapercept\Desktop\Nilesh\New-MetR\metR-Converter-PDF\storage\942fd6d3-c493-46d0-baed-af39dd5278f0\pre-xslt-output\command_control_and_coordination_of_emergency_re.dita","CONCEPT","concept_structural_rules.sch","ERROR","Gate 2","","ERROR: 712 consecutive <p> elements found more than 5 . These should be converted into a <ul>/<li> structure. First <p>: ""Points, Signals and other units are usually, operated by means of levers and panels. Interlocking between these levers is accomplished either by mechanical or by electrical or electro-mechanical or electronic means. In the former method, some mechanical contrivance variously designed, controls the relation between one lever and the other."""
"C:\Users\Metapercept\Desktop\Nilesh\New-MetR\metR-Converter-PDF\storage\942fd6d3-c493-46d0-baed-af39dd5278f0\pre-xslt-output\command_control_and_coordination_of_emergency_re.dita","CONCEPT","concept_structural_rules.sch","ERROR","Gate 2","","ERROR: 710 consecutive <p> elements found more than 5 . These should be converted into a <ul>/<li> structure. First <p>: ""The era of interlocking started with mechanical frames. In mechanical signaling, since the functions are operated by levers, the relationship that should exist between the functions can be transferred to exist between the levers. To ensure that the signal can be taken ‘OFF’ only after the point is correctly set, we can arrange the interlocking between the signal lever and point lever to be such that the signal lever can be reversed only after the point lever is in the correct position, viz. ‘Normal’ or ‘Reverse’, as the case may be."""
"C:\Users\Metapercept\Desktop\Nilesh\New-MetR\metR-Converter-PDF\storage\942fd6d3-c493-46d0-baed-af39dd5278f0\pre-xslt-output\command_control_and_coordination_of_emergency_re.dita","CONCEPT","concept_structural_rules.sch","ERROR","Gate 2","","ERROR: 708 consecutive <p> elements found more than 5 . These should be converted into a <ul>/<li> structure. First <p>: ""With the advent of Electro-mechanical relays, lever frames gave way to relay interlocking based installations. This development resulted in relatively faster operation, fail- safe operation and reduced size of buildings required for housing of interlocking installations. With further increase in traffic and expansion of railway network, panel Interlocking installations were commissioned."""
"C:\Users\Metapercept\Desktop\Nilesh\New-MetR\metR-Converter-PDF\storage\942fd6d3-c493-46d0-baed-af39dd5278f0\pre-xslt-output\command_control_and_coordination_of_emergency_re.dita","CONCEPT","concept_structural_rules.sch","ERROR","Gate 2","","ERROR: 707 consecutive <p> elements found more than 5 . These should be converted into a <ul>/<li> structure. First <p>: ""Route Relay interlocking is same as Panel Interlocking with Electro Mechanical Relays doing the Interlocking except that it can be employed for big yards. the interlocking is done between one route and another route. Another Important feature in terms of operating point of view is that the SM has to only press two buttons, Signal button & Route Button (entry-exit system). He doesn’t have to individually operate the points to the required position."""
"C:\Users\Metapercept\Desktop\Nilesh\New-MetR\metR-Converter-PDF\storage\942fd6d3-c493-46d0-baed-af39dd5278f0\pre-xslt-output\command_control_and_coordination_of_emergency_re.dita","CONCEPT","concept_structural_rules.sch","ERROR","Gate 2","","ERROR: 706 consecutive <p> elements found more than 5 . These should be converted into a <ul>/<li> structure. First <p>: ""Computer based interlocking uses thousands of Electro-mechanical relays requiring complex wiring and Inter-connections. The wiring diagrams for such installations run into hundreds of sheets. Individual relays, wiring and interconnections along with thousands of shouldered joints are required to be physically examined and certified. This exercise requires traffic blocks of long durations and large manpower to manage the traffic during blocks."""
"C:\Users\Metapercept\Desktop\Nilesh\New-MetR\metR-Converter-PDF\storage\942fd6d3-c493-46d0-baed-af39dd5278f0\pre-xslt-output\command_control_and_coordination_of_emergency_re.dita","CONCEPT","concept_structural_rules.sch","ERROR","Gate 2","","ERROR: 701 consecutive <p> elements found more than 5 . These should be converted into a <ul>/<li> structure. First <p>: ""Significance of SSI for operating staff:"""
"C:\Users\Metapercept\Desktop\Nilesh\New-MetR\metR-Converter-PDF\storage\942fd6d3-c493-46d0-baed-af39dd5278f0\pre-xslt-output\command_control_and_coordination_of_emergency_re.dita","CONCEPT","concept_structural_rules.sch","ERROR","Gate 2","","ERROR: 700 consecutive <p> elements found more than 5 . These should be converted into a <ul>/<li> structure. First <p>: ""Indirect and Direct Interlocking: -"""
"C:\Users\Metapercept\Desktop\Nilesh\New-MetR\metR-Converter-PDF\storage\942fd6d3-c493-46d0-baed-af39dd5278f0\pre-xslt-output\command_control_and_coordination_of_emergency_re.dita","CONCEPT","concept_structural_rules.sch","ERROR","Gate 2","","ERROR: 699 consecutive <p> elements found more than 5 . These should be converted into a <ul>/<li> structure. First <p>: ""Standards of Signaling and Interlocking: - Interlocking at stations is standardized into four different classes viz. I(R), II(R) ,III(III) and IV(R). The regulations prescribing the four standards have been drawn up primarily to meet the needs of crossing stations on the single line but, with such modifications as may be necessary in regard to the equipment of signals; these are also applicable to other stations both on single and double lines. The standards are as follows: -"""
"C:\Users\Metapercept\Desktop\Nilesh\New-MetR\metR-Converter-PDF\storage\942fd6d3-c493-46d0-baed-af39dd5278f0\pre-xslt-output\command_control_and_coordination_of_emergency_re.dita","CONCEPT","concept_structural_rules.sch","ERROR","Gate 2","","ERROR: 698 consecutive <p> elements found more than 5 . These should be converted into a <ul>/<li> structure. First <p>: ""Two aspect signalling."""
"C:\Users\Metapercept\Desktop\Nilesh\New-MetR\metR-Converter-PDF\storage\942fd6d3-c493-46d0-baed-af39dd5278f0\pre-xslt-output\command_control_and_coordination_of_emergency_re.dita","CONCEPT","concept_structural_rules.sch","ERROR","Gate 2","","ERROR: 697 consecutive <p> elements found more than 5 . These should be converted into a <ul>/<li> structure. First <p>: ""(ii) Isolation - same as for Standard II."""
"C:\Users\Metapercept\Desktop\Nilesh\New-MetR\metR-Converter-PDF\storage\942fd6d3-c493-46d0-baed-af39dd5278f0\pre-xslt-output\command_control_and_coordination_of_emergency_re.dita","CONCEPT","concept_structural_rules.sch","ERROR","Gate 2","","ERROR: 693 consecutive <p> elements found more than 5 . These should be converted into a <ul>/<li> structure. First <p>: ""Multiple aspect signalling."""
"C:\Users\Metapercept\Desktop\Nilesh\New-MetR\metR-Converter-PDF\storage\942fd6d3-c493-46d0-baed-af39dd5278f0\pre-xslt-output\command_control_and_coordination_of_emergency_re.dita","CONCEPT","concept_structural_rules.sch","ERROR","Gate 2","","ERROR: 691 consecutive <p> elements found more than 5 . These should be converted into a <ul>/<li> structure. First <p>: ""Double distant on sections where goods trains have a braking distance of more than 1 km."""
"C:\Users\Metapercept\Desktop\Nilesh\New-MetR\metR-Converter-PDF\storage\942fd6d3-c493-46d0-baed-af39dd5278f0\pre-xslt-output\command_control_and_coordination_of_emergency_re.dita","CONCEPT","concept_structural_rules.sch","ERROR","Gate 2","","ERROR: 688 consecutive <p> elements found more than 5 . These should be converted into a <ul>/<li> structure. First <p>: ""Painting of Levers: - Levers shall be painted in the following colours:-"""
"C:\Users\Metapercept\Desktop\Nilesh\New-MetR\metR-Converter-PDF\storage\942fd6d3-c493-46d0-baed-af39dd5278f0\pre-xslt-output\command_control_and_coordination_of_emergency_re.dita","CONCEPT","concept_structural_rules.sch","ERROR","Gate 2","","ERROR: 687 consecutive <p> elements found more than 5 . These should be converted into a <ul>/<li> structure. First <p>: ""Numbering of levers in frames."""
"C:\Users\Metapercept\Desktop\Nilesh\New-MetR\metR-Converter-PDF\storage\942fd6d3-c493-46d0-baed-af39dd5278f0\pre-xslt-output\command_control_and_coordination_of_emergency_re.dita","CONCEPT","concept_structural_rules.sch","ERROR","Gate 2","","ERROR: 686 consecutive <p> elements found more than 5 . These should be converted into a <ul>/<li> structure. First <p>: ""lever is provided with a name plate showing its function and the number of the other levers in the order of operation which must precede to release it."""
"C:\Users\Metapercept\Desktop\Nilesh\New-MetR\metR-Converter-PDF\storage\942fd6d3-c493-46d0-baed-af39dd5278f0\pre-xslt-output\command_control_and_coordination_of_emergency_re.dita","CONCEPT","concept_structural_rules.sch","ERROR","Gate 2","","ERROR: 685 consecutive <p> elements found more than 5 . These should be converted into a <ul>/<li> structure. First <p>: ""the left, or the person working the levers, belongs is allotted the first set of consecutive levers, lying to the left of the frame. The second set of consecutive levers is allotted to group (iii), and the third set of levers lying to the right is allotted to the remaining group. All levers, including spares/spaces, of each group are, then numbered consecutively, starting from the first lever on the left. The relative position of the levers of each group, the first lever on the left. The relative position of the levers of each group, generally, corresponds to the relative position of the units they operate."""
"C:\Users\Metapercept\Desktop\Nilesh\New-MetR\metR-Converter-PDF\storage\942fd6d3-c493-46d0-baed-af39dd5278f0\pre-xslt-output\command_control_and_coordination_of_emergency_re.dita","CONCEPT","concept_structural_rules.sch","ERROR","Gate 2","","ERROR: 683 consecutive <p> elements found more than 5 . These should be converted into a <ul>/<li> structure. First <p>: ""end. (ii) The length is at least 180 metres. (iii) This is used to isolate main line from loop line. (iv) This is an efficient substitute for signal overlap."""
"C:\Users\Metapercept\Desktop\Nilesh\New-MetR\metR-Converter-PDF\storage\942fd6d3-c493-46d0-baed-af39dd5278f0\pre-xslt-output\command_control_and_coordination_of_emergency_re.dita","CONCEPT","concept_structural_rules.sch","ERROR","Gate 2","","ERROR: 682 consecutive <p> elements found more than 5 . These should be converted into a <ul>/<li> structure. First <p>: ""Sand hump is an extended portion of rail embedded in sand. It is total 60 m in length, with increasing gradient of 1 in 60, of which the first 30 m is laid with normal track embedded in sand and remaining 30 m is an earthen lump of uniform 4 m width."""
"C:\Users\Metapercept\Desktop\Nilesh\New-MetR\metR-Converter-PDF\storage\942fd6d3-c493-46d0-baed-af39dd5278f0\pre-xslt-output\command_control_and_coordination_of_emergency_re.dita","CONCEPT","concept_structural_rules.sch","ERROR","Gate 2","","ERROR: 681 consecutive <p> elements found more than 5 . These should be converted into a <ul>/<li> structure. First <p>: ""At interlocked stations, isolation can also be obtained by setting of points."""
"C:\Users\Metapercept\Desktop\Nilesh\New-MetR\metR-Converter-PDF\storage\942fd6d3-c493-46d0-baed-af39dd5278f0\pre-xslt-output\command_control_and_coordination_of_emergency_re.dita","CONCEPT","concept_structural_rules.sch","ERROR","Gate 2","","ERROR: 680 consecutive <p> elements found more than 5 . These should be converted into a <ul>/<li> structure. First <p>: ""Certain points, including traps are kept permanently locked and"""
"C:\Users\Metapercept\Desktop\Nilesh\New-MetR\metR-Converter-PDF\storage\942fd6d3-c493-46d0-baed-af39dd5278f0\pre-xslt-output\command_control_and_coordination_of_emergency_re.dita","CONCEPT","concept_structural_rules.sch","ERROR","Gate 2","","ERROR: 678 consecutive <p> elements found more than 5 . These should be converted into a <ul>/<li> structure. First <p>: ""It is a device designed to limit the movement of free rolling, uncontrolled wagons/ vehicles. This is accomplished by grinding the flange of a wheel up and over the railhead, dropping the wheel clear of the rail on outside of the rails. The wheels lodging in the tie cribbing and ballast halt movement of wagons /vehicles."""
"C:\Users\Metapercept\Desktop\Nilesh\New-MetR\metR-Converter-PDF\storage\942fd6d3-c493-46d0-baed-af39dd5278f0\pre-xslt-output\command_control_and_coordination_of_emergency_re.dita","CONCEPT","concept_structural_rules.sch","ERROR","Gate 2","","ERROR: 677 consecutive <p> elements found more than 5 . These should be converted into a <ul>/<li> structure. First <p>: ""This is an extended portion of track ending with some sand."""
"C:\Users\Metapercept\Desktop\Nilesh\New-MetR\metR-Converter-PDF\storage\942fd6d3-c493-46d0-baed-af39dd5278f0\pre-xslt-output\command_control_and_coordination_of_emergency_re.dita","CONCEPT","concept_structural_rules.sch","ERROR","Gate 2","","ERROR: 676 consecutive <p> elements found more than 5 . These should be converted into a <ul>/<li> structure. First <p>: ""(ii) CROSSINGS: - The appliances provided at the Junctions where two lines cross or join one and other."""
"C:\Users\Metapercept\Desktop\Nilesh\New-MetR\metR-Converter-PDF\storage\942fd6d3-c493-46d0-baed-af39dd5278f0\pre-xslt-output\command_control_and_coordination_of_emergency_re.dita","CONCEPT","concept_structural_rules.sch","ERROR","Gate 2","","ERROR: 673 consecutive <p> elements found more than 5 . These should be converted into a <ul>/<li> structure. First <p>: ""(vi) ECONOMICAL POINT LOCK OR S.L.M. (Switch & Lock Movement):- When the facing points and the facing point lock are worked by the same lever, it is called “Economical Point Lock” or “S.L.M.”"""
"C:\Users\Metapercept\Desktop\Nilesh\New-MetR\metR-Converter-PDF\storage\942fd6d3-c493-46d0-baed-af39dd5278f0\pre-xslt-output\command_control_and_coordination_of_emergency_re.dita","CONCEPT","concept_structural_rules.sch","ERROR","Gate 2","","ERROR: 669 consecutive <p> elements found more than 5 . These should be converted into a <ul>/<li> structure. First <p>: ""(xi) RELEASE: - A lever releases another lever, when due to its operation the later can be pulled. If lever No. 2 can only be pulled over when lever No. 1 is pulled then lever No. 1 is said to be de-releasing lever No. 2."""
"C:\Users\Metapercept\Desktop\Nilesh\New-MetR\metR-Converter-PDF\storage\942fd6d3-c493-46d0-baed-af39dd5278f0\pre-xslt-output\command_control_and_coordination_of_emergency_re.dita","CONCEPT","concept_structural_rules.sch","ERROR","Gate 2","","ERROR: 666 consecutive <p> elements found more than 5 . These should be converted into a <ul>/<li> structure. First <p>: ""Panel Button Description"""
"C:\Users\Metapercept\Desktop\Nilesh\New-MetR\metR-Converter-PDF\storage\942fd6d3-c493-46d0-baed-af39dd5278f0\pre-xslt-output\command_control_and_coordination_of_emergency_re.dita","CONCEPT","concept_structural_rules.sch","ERROR","Gate 2","","ERROR: 664 consecutive <p> elements found more than 5 . These should be converted into a <ul>/<li> structure. First <p>: ""STATION WORKING RULES (SWRs) AND TEMPORARY WORKING ORDER. (Back to Index)"""
"C:\Users\Metapercept\Desktop\Nilesh\New-MetR\metR-Converter-PDF\storage\942fd6d3-c493-46d0-baed-af39dd5278f0\pre-xslt-output\command_control_and_coordination_of_emergency_re.dita","CONCEPT","concept_structural_rules.sch","ERROR","Gate 2","","ERROR: 661 consecutive <p> elements found more than 5 . These should be converted into a <ul>/<li> structure. First <p>: ""SWRs shall be issued in Bi-lingual i.e. in English and Hindi (Devnagri script) form."""
"C:\Users\Metapercept\Desktop\Nilesh\New-MetR\metR-Converter-PDF\storage\942fd6d3-c493-46d0-baed-af39dd5278f0\pre-xslt-output\command_control_and_coordination_of_emergency_re.dita","CONCEPT","concept_structural_rules.sch","ERROR","Gate 2","","ERROR: 660 consecutive <p> elements found more than 5 . These should be converted into a <ul>/<li> structure. First <p>: ""The object of issuing SWR is to inform all staff concerned with working of trains about the special features of the station to ensure safe train operations at & between stations including level crossings, depending on local conditions."""
"C:\Users\Metapercept\Desktop\Nilesh\New-MetR\metR-Converter-PDF\storage\942fd6d3-c493-46d0-baed-af39dd5278f0\pre-xslt-output\command_control_and_coordination_of_emergency_re.dita","CONCEPT","concept_structural_rules.sch","ERROR","Gate 2","","ERROR: 659 consecutive <p> elements found more than 5 . These should be converted into a <ul>/<li> structure. First <p>: ""The SWRs should be reviewed once in every five years. In case the review brings out the necessity of carrying out changes, the SWRs should be re-issued. In the event of more than three correction slips having to be issued, the SWRs should be reissued without waiting for the periodical review to be conducted every five years as mentioned above."""
"C:\Users\Metapercept\Desktop\Nilesh\New-MetR\metR-Converter-PDF\storage\942fd6d3-c493-46d0-baed-af39dd5278f0\pre-xslt-output\command_control_and_coordination_of_emergency_re.dita","CONCEPT","concept_structural_rules.sch","ERROR","Gate 2","","ERROR: 658 consecutive <p> elements found more than 5 . These should be converted into a <ul>/<li> structure. First <p>: ""Whenever any addition/amendment is required to be made in the said rules, the entire page/pages duly signed by concerned officers on which the provisions requiring addition/amendment appears should be replaced. The method of pasting correction slips by hand in the SWRs is not permitted."""
"C:\Users\Metapercept\Desktop\Nilesh\New-MetR\metR-Converter-PDF\storage\942fd6d3-c493-46d0-baed-af39dd5278f0\pre-xslt-output\command_control_and_coordination_of_emergency_re.dita","CONCEPT","concept_structural_rules.sch","ERROR","Gate 2","","ERROR: 657 consecutive <p> elements found more than 5 . These should be converted into a <ul>/<li> structure. First <p>: ""The Station Superintendent/Station Master on receipt of the SWRs must immediately check to ensure that these conform to the local conditions at their stations. If he finds any discrepancy in the said rules, he shall immediately bring such discrepancies and difficulties to the notice of the Sr.DOM/DOM and Transportation Inspector of the section. The Station Manager in charge shall see that all staff having definite responsibilities in train passing at their stations correctly understand and follow the SWR."""
"C:\Users\Metapercept\Desktop\Nilesh\New-MetR\metR-Converter-PDF\storage\942fd6d3-c493-46d0-baed-af39dd5278f0\pre-xslt-output\command_control_and_coordination_of_emergency_re.dita","CONCEPT","concept_structural_rules.sch","ERROR","Gate 2","","ERROR: 656 consecutive <p> elements found more than 5 . These should be converted into a <ul>/<li> structure. First <p>: ""Copies of SWRs shall be distributed as per current instructions"""
"C:\Users\Metapercept\Desktop\Nilesh\New-MetR\metR-Converter-PDF\storage\942fd6d3-c493-46d0-baed-af39dd5278f0\pre-xslt-output\command_control_and_coordination_of_emergency_re.dita","CONCEPT","concept_structural_rules.sch","ERROR","Gate 2","","ERROR: 655 consecutive <p> elements found more than 5 . These should be converted into a <ul>/<li> structure. First <p>: ""To maintain uniformity in the SWRs, the following format shall be used while framing/revising the Station Working Rules for stations. Care may, however, be taken to ensure that –"""
"C:\Users\Metapercept\Desktop\Nilesh\New-MetR\metR-Converter-PDF\storage\942fd6d3-c493-46d0-baed-af39dd5278f0\pre-xslt-output\command_control_and_coordination_of_emergency_re.dita","CONCEPT","concept_structural_rules.sch","ERROR","Gate 2","","ERROR: 654 consecutive <p> elements found more than 5 . These should be converted into a <ul>/<li> structure. First <p>: ""……………RAILWAY"""
"C:\Users\Metapercept\Desktop\Nilesh\New-MetR\metR-Converter-PDF\storage\942fd6d3-c493-46d0-baed-af39dd5278f0\pre-xslt-output\command_control_and_coordination_of_emergency_re.dita","CONCEPT","concept_structural_rules.sch","ERROR","Gate 2","","ERROR: 650 consecutive <p> elements found more than 5 . These should be converted into a <ul>/<li> structure. First <p>: ""(ii) The SWR must be page numbered with the station name code written on each page and signed by the Divisional Operations Manager and Divisional Signal & Telecom Engineer at interlocked stations and at non-interlocked stations by Divisional Operations Manager and Divisional Engineer should sign each page ."""
"C:\Users\Metapercept\Desktop\Nilesh\New-MetR\metR-Converter-PDF\storage\942fd6d3-c493-46d0-baed-af39dd5278f0\pre-xslt-output\command_control_and_coordination_of_emergency_re.dita","CONCEPT","concept_structural_rules.sch","ERROR","Gate 2","","ERROR: 647 consecutive <p> elements found more than 5 . These should be converted into a <ul>/<li> structure. First <p>: ""SWR Diagram No. ---------- based on CSTE/----- Railway and Signal Inter locking Plan No. - ------- should show the complete layout of the yard, Points, Signals, gradients and interlocking arrangements of the station including the non-interlocked sidings, exact and actual holding capacity of all the individual lines in metres, actual inter signal (demarcation point) distances, names of adjacent stations and IBH signals, where provided, on either side of the station with their respective distances from the centre line of the station building to the central line of the adjacent stations and any other information necessary in the day to day operation of trains. The particulars of date up to which it is corrected should also be mentioned. SWR diagram should show actual distances and not the minimum prescribed. It"""
"C:\Users\Metapercept\Desktop\Nilesh\New-MetR\metR-Converter-PDF\storage\942fd6d3-c493-46d0-baed-af39dd5278f0\pre-xslt-output\command_control_and_coordination_of_emergency_re.dita","CONCEPT","concept_structural_rules.sch","ERROR","Gate 2","","ERROR: 645 consecutive <p> elements found more than 5 . These should be converted into a <ul>/<li> structure. First <p>: ""2.1 General (Location)"""
"C:\Users\Metapercept\Desktop\Nilesh\New-MetR\metR-Converter-PDF\storage\942fd6d3-c493-46d0-baed-af39dd5278f0\pre-xslt-output\command_control_and_coordination_of_emergency_re.dita","CONCEPT","concept_structural_rules.sch","ERROR","Gate 2","","ERROR: 636 consecutive <p> elements found more than 5 . These should be converted into a <ul>/<li> structure. First <p>: ""2.4 GRADIENTS IF ANY"""
"C:\Users\Metapercept\Desktop\Nilesh\New-MetR\metR-Converter-PDF\storage\942fd6d3-c493-46d0-baed-af39dd5278f0\pre-xslt-output\command_control_and_coordination_of_emergency_re.dita","CONCEPT","concept_structural_rules.sch","ERROR","Gate 2","","ERROR: 625 consecutive <p> elements found more than 5 . These should be converted into a <ul>/<li> structure. First <p>: ""System of working in force - Absolute/Automatic by using Double line/ Single line Token/Tokenless Block Instruments, whether co-operative or non-co-operative, the staff responsible for their operation and custody of keys should be clearly mentioned. Mention should also be made of the availability of block telephone at the station and Telephone provided at IBS posts to establish contact by the Loco pilot with Station Master in rear, in case of any necessity."""
"C:\Users\Metapercept\Desktop\Nilesh\New-MetR\metR-Converter-PDF\storage\942fd6d3-c493-46d0-baed-af39dd5278f0\pre-xslt-output\command_control_and_coordination_of_emergency_re.dita","CONCEPT","concept_structural_rules.sch","ERROR","Gate 2","","ERROR: 624 consecutive <p> elements found more than 5 . These should be converted into a <ul>/<li> structure. First <p>: ""4.1 The Standard of interlocking, type of signalling (MLQ/TALQ/MAUQ/MACLS), method of operating the signals/points from Lever Frames/Control Panel/VDU/CTC, provision of axle counters/track circuits on running lines, Calling-On Signals/IBS, special signalling features such as fixed Warner, stop boards at terminal stations, emergency cross-overs, permanently locked points, motor operated points at an otherwise mechanically worked stations, emergency/crank handle keys and their custody, indications(electric/banner type) of points/trap points/signals/track circuits/axle counters need to be mentioned. The detailed description of the Lever Frame/control panel/Video Display Unit for route setting using point/signal/gate control switches, individual operation of points, operations of gates within the station limits, setting of points using the crank handle and the maintenance of proper records of emergency operation counters provided on the panel need to be mentioned here. Procedure for working of stations provided with Train Protection and Warning System and Anti Collision Device need to be mentioned. The procedure for resetting of the system in case of failure of Axle counter on berthing portion as well as IBS section, emergency operation of points, emergency route cancellation, clearing of block etc also need to be mentioned from operations point of view."""
"C:\Users\Metapercept\Desktop\Nilesh\New-MetR\metR-Converter-PDF\storage\942fd6d3-c493-46d0-baed-af39dd5278f0\pre-xslt-output\command_control_and_coordination_of_emergency_re.dita","CONCEPT","concept_structural_rules.sch","ERROR","Gate 2","","ERROR: 619 consecutive <p> elements found more than 5 . These should be converted into a <ul>/<li> structure. First <p>: ""The availability of the telecommunication facilities at the station and their operational aspects should be clearly defined:"""
"C:\Users\Metapercept\Desktop\Nilesh\New-MetR\metR-Converter-PDF\storage\942fd6d3-c493-46d0-baed-af39dd5278f0\pre-xslt-output\command_control_and_coordination_of_emergency_re.dita","CONCEPT","concept_structural_rules.sch","ERROR","Gate 2","","ERROR: 618 consecutive <p> elements found more than 5 . These should be converted into a <ul>/<li> structure. First <p>: ""The action to be taken in case of failure of communication given above to be clearly spelt out."""
"C:\Users\Metapercept\Desktop\Nilesh\New-MetR\metR-Converter-PDF\storage\942fd6d3-c493-46d0-baed-af39dd5278f0\pre-xslt-output\command_control_and_coordination_of_emergency_re.dita","CONCEPT","concept_structural_rules.sch","ERROR","Gate 2","","ERROR: 616 consecutive <p> elements found more than 5 . These should be converted into a <ul>/<li> structure. First <p>: ""6.1 DUTIES OF TRAIN WORKING STAFF"""
"C:\Users\Metapercept\Desktop\Nilesh\New-MetR\metR-Converter-PDF\storage\942fd6d3-c493-46d0-baed-af39dd5278f0\pre-xslt-output\command_control_and_coordination_of_emergency_re.dita","CONCEPT","concept_structural_rules.sch","ERROR","Gate 2","","ERROR: 589 consecutive <p> elements found more than 5 . These should be converted into a <ul>/<li> structure. First <p>: ""(ii) Motor trolleys/Tower Wagon/Material Lorries are not likely to actuate the Axle counter correctly. When they are to run over the section split by Axle counters, the whole section to be treated as one and next train to be started after the last train has arrived complete."""
"C:\Users\Metapercept\Desktop\Nilesh\New-MetR\metR-Converter-PDF\storage\942fd6d3-c493-46d0-baed-af39dd5278f0\pre-xslt-output\command_control_and_coordination_of_emergency_re.dita","CONCEPT","concept_structural_rules.sch","ERROR","Gate 2","","ERROR: 587 consecutive <p> elements found more than 5 . These should be converted into a <ul>/<li> structure. First <p>: ""The precautions to be taken by the Station Master, when lines are blocked by stabled vehicles or otherwise for maintenance works, to be detailed here."""
"C:\Users\Metapercept\Desktop\Nilesh\New-MetR\metR-Converter-PDF\storage\942fd6d3-c493-46d0-baed-af39dd5278f0\pre-xslt-output\command_control_and_coordination_of_emergency_re.dita","CONCEPT","concept_structural_rules.sch","ERROR","Gate 2","","ERROR: 586 consecutive <p> elements found more than 5 . These should be converted into a <ul>/<li> structure. First <p>: ""8.1 General precautions 8.2 Shunting in the face of approaching train 8.3 Prohibition of shunting, special features if any. 8.4 Shunting on single line – Within station section Between Last Stop Signal and opposite First Stop Signal. Beyond opposite First Stop Signal During failure of block instrument on single line. 8.5 Shunting on double line. Block back Block forward Following a train travelling away. Upto IBS Beyond IBS During failure of block instrument on double line. 8.6 Shunting in the siding taking off from station yard/ goods yard."""
"C:\Users\Metapercept\Desktop\Nilesh\New-MetR\metR-Converter-PDF\storage\942fd6d3-c493-46d0-baed-af39dd5278f0\pre-xslt-output\command_control_and_coordination_of_emergency_re.dita","CONCEPT","concept_structural_rules.sch","ERROR","Gate 2","","ERROR: 585 consecutive <p> elements found more than 5 . These should be converted into a <ul>/<li> structure. First <p>: ""The procedure to be followed in the event of following abnormal conditions should be specifically mentioned."""
"C:\Users\Metapercept\Desktop\Nilesh\New-MetR\metR-Converter-PDF\storage\942fd6d3-c493-46d0-baed-af39dd5278f0\pre-xslt-output\command_control_and_coordination_of_emergency_re.dita","CONCEPT","concept_structural_rules.sch","ERROR","Gate 2","","ERROR: 584 consecutive <p> elements found more than 5 . These should be converted into a <ul>/<li> structure. First <p>: ""(ii) Procedure for Emergency operation of point with point zone axle counter/ track circuit failure and emergency route release, giving reference to GR 3.39 and GR 3.77 should be mentioned here."""
"C:\Users\Metapercept\Desktop\Nilesh\New-MetR\metR-Converter-PDF\storage\942fd6d3-c493-46d0-baed-af39dd5278f0\pre-xslt-output\command_control_and_coordination_of_emergency_re.dita","CONCEPT","concept_structural_rules.sch","ERROR","Gate 2","","ERROR: 583 consecutive <p> elements found more than 5 . These should be converted into a <ul>/<li> structure. First <p>: ""Mention should be made that before taking off Calling-on Signal during failure of track circuit/axle counter, the route and the clearance of the track over which train would pass to be verified by SM/ASM."""
"C:\Users\Metapercept\Desktop\Nilesh\New-MetR\metR-Converter-PDF\storage\942fd6d3-c493-46d0-baed-af39dd5278f0\pre-xslt-output\command_control_and_coordination_of_emergency_re.dita","CONCEPT","concept_structural_rules.sch","ERROR","Gate 2","","ERROR: 582 consecutive <p> elements found more than 5 . These should be converted into a <ul>/<li> structure. First <p>: ""(ii) The entries in failure register to be done with message to the Section Controller."""
"C:\Users\Metapercept\Desktop\Nilesh\New-MetR\metR-Converter-PDF\storage\942fd6d3-c493-46d0-baed-af39dd5278f0\pre-xslt-output\command_control_and_coordination_of_emergency_re.dita","CONCEPT","concept_structural_rules.sch","ERROR","Gate 2","","ERROR: 576 consecutive <p> elements found more than 5 . These should be converted into a <ul>/<li> structure. First <p>: ""Position of the Visibility Test Object in each Zone of operation and the officials authorised to check the V.T.O from a nominated place at the station should be mentioned here."""
"C:\Users\Metapercept\Desktop\Nilesh\New-MetR\metR-Converter-PDF\storage\942fd6d3-c493-46d0-baed-af39dd5278f0\pre-xslt-output\command_control_and_coordination_of_emergency_re.dita","CONCEPT","concept_structural_rules.sch","ERROR","Gate 2","","ERROR: 575 consecutive <p> elements found more than 5 . These should be converted into a <ul>/<li> structure. First <p>: ""The list of the essential equipment should be given in Appendix-‘E’."""
"C:\Users\Metapercept\Desktop\Nilesh\New-MetR\metR-Converter-PDF\storage\942fd6d3-c493-46d0-baed-af39dd5278f0\pre-xslt-output\command_control_and_coordination_of_emergency_re.dita","CONCEPT","concept_structural_rules.sch","ERROR","Gate 2","","ERROR: 574 consecutive <p> elements found more than 5 . These should be converted into a <ul>/<li> structure. First <p>: ""In Foggy or tempestuous weather or in dust storm when V.T.O. cannot be seen from the SM’s Office, the SM shall send trained men to act as fog signalmen. Instructions regarding their selection from Traffic and Engineering Departments, entry of their names in the Fog Signal Register and taking assurance by the SM to be mentioned clearly."""
"C:\Users\Metapercept\Desktop\Nilesh\New-MetR\metR-Converter-PDF\storage\942fd6d3-c493-46d0-baed-af39dd5278f0\pre-xslt-output\command_control_and_coordination_of_emergency_re.dita","CONCEPT","concept_structural_rules.sch","ERROR","Gate 2","","ERROR: 560 consecutive <p> elements found more than 5 . These should be converted into a <ul>/<li> structure. First <p>: ""The draft of TWO is prepared by the supervisor concerned viz. SE(P.Way) for engineering works, by the SE(Signal) for signalling and interlocking work and the SE(Elec.) For electrified sections etc. for electrical works detailing the requirement of the work and precaution to be observed. This pre- planning of the work is known as Draft of TWO."""
"C:\Users\Metapercept\Desktop\Nilesh\New-MetR\metR-Converter-PDF\storage\942fd6d3-c493-46d0-baed-af39dd5278f0\pre-xslt-output\command_control_and_coordination_of_emergency_re.dita","CONCEPT","concept_structural_rules.sch","ERROR","Gate 2","","ERROR: 556 consecutive <p> elements found more than 5 . These should be converted into a <ul>/<li> structure. First <p>: ""In both the cases the safeguards ingrained through normal functioning of various signaling equipment are missing and as such responsibility of the part of staff increases manifold. N.I. working puts staff under severe strain and hence prone for lapses. Unflagging attention from every quarter is the need of the hour so that safety is ensured."""
"C:\Users\Metapercept\Desktop\Nilesh\New-MetR\metR-Converter-PDF\storage\942fd6d3-c493-46d0-baed-af39dd5278f0\pre-xslt-output\command_control_and_coordination_of_emergency_re.dita","CONCEPT","concept_structural_rules.sch","ERROR","Gate 2","","ERROR: 553 consecutive <p> elements found more than 5 . These should be converted into a <ul>/<li> structure. First <p>: ""The following guidelines are laid down for a correct assessment of whether NI working is required in the first place or whether it can be dispensed with altogether."""
"C:\Users\Metapercept\Desktop\Nilesh\New-MetR\metR-Converter-PDF\storage\942fd6d3-c493-46d0-baed-af39dd5278f0\pre-xslt-output\command_control_and_coordination_of_emergency_re.dita","CONCEPT","concept_structural_rules.sch","ERROR","Gate 2","","ERROR: 552 consecutive <p> elements found more than 5 . These should be converted into a <ul>/<li> structure. First <p>: ""Minor and Major Works :"""
"C:\Users\Metapercept\Desktop\Nilesh\New-MetR\metR-Converter-PDF\storage\942fd6d3-c493-46d0-baed-af39dd5278f0\pre-xslt-output\command_control_and_coordination_of_emergency_re.dita","CONCEPT","concept_structural_rules.sch","ERROR","Gate 2","","ERROR: 551 consecutive <p> elements found more than 5 . These should be converted into a <ul>/<li> structure. First <p>: ""MINOR WORKS"""
"C:\Users\Metapercept\Desktop\Nilesh\New-MetR\metR-Converter-PDF\storage\942fd6d3-c493-46d0-baed-af39dd5278f0\pre-xslt-output\command_control_and_coordination_of_emergency_re.dita","CONCEPT","concept_structural_rules.sch","ERROR","Gate 2","","ERROR: 550 consecutive <p> elements found more than 5 . These should be converted into a <ul>/<li> structure. First <p>: ""(C1) Duration of NI working for Minor Works :"""
"C:\Users\Metapercept\Desktop\Nilesh\New-MetR\metR-Converter-PDF\storage\942fd6d3-c493-46d0-baed-af39dd5278f0\pre-xslt-output\command_control_and_coordination_of_emergency_re.dita","CONCEPT","concept_structural_rules.sch","ERROR","Gate 2","","ERROR: 549 consecutive <p> elements found more than 5 . These should be converted into a <ul>/<li> structure. First <p>: ""(C2) General Instructions for Train Operation :"""
"C:\Users\Metapercept\Desktop\Nilesh\New-MetR\metR-Converter-PDF\storage\942fd6d3-c493-46d0-baed-af39dd5278f0\pre-xslt-output\command_control_and_coordination_of_emergency_re.dita","CONCEPT","concept_structural_rules.sch","ERROR","Gate 2","","ERROR: 548 consecutive <p> elements found more than 5 . These should be converted into a <ul>/<li> structure. First <p>: ""(C3) Train Running on double line section during NI working :"""
"C:\Users\Metapercept\Desktop\Nilesh\New-MetR\metR-Converter-PDF\storage\942fd6d3-c493-46d0-baed-af39dd5278f0\pre-xslt-output\command_control_and_coordination_of_emergency_re.dita","CONCEPT","concept_structural_rules.sch","ERROR","Gate 2","","ERROR: 547 consecutive <p> elements found more than 5 . These should be converted into a <ul>/<li> structure. First <p>: ""(C4) Train Running on single line section during NI working :"""
"C:\Users\Metapercept\Desktop\Nilesh\New-MetR\metR-Converter-PDF\storage\942fd6d3-c493-46d0-baed-af39dd5278f0\pre-xslt-output\command_control_and_coordination_of_emergency_re.dita","CONCEPT","concept_structural_rules.sch","ERROR","Gate 2","","ERROR: 546 consecutive <p> elements found more than 5 . These should be converted into a <ul>/<li> structure. First <p>: ""(C5) Staff requirement :"""
"C:\Users\Metapercept\Desktop\Nilesh\New-MetR\metR-Converter-PDF\storage\942fd6d3-c493-46d0-baed-af39dd5278f0\pre-xslt-output\command_control_and_coordination_of_emergency_re.dita","CONCEPT","concept_structural_rules.sch","ERROR","Gate 2","","ERROR: 545 consecutive <p> elements found more than 5 . These should be converted into a <ul>/<li> structure. First <p>: ""MAJOR WORKS"""
"C:\Users\Metapercept\Desktop\Nilesh\New-MetR\metR-Converter-PDF\storage\942fd6d3-c493-46d0-baed-af39dd5278f0\pre-xslt-output\command_control_and_coordination_of_emergency_re.dita","CONCEPT","concept_structural_rules.sch","ERROR","Gate 2","","ERROR: 544 consecutive <p> elements found more than 5 . These should be converted into a <ul>/<li> structure. First <p>: ""(D1) Duration of Non Interlocked Working :"""
"C:\Users\Metapercept\Desktop\Nilesh\New-MetR\metR-Converter-PDF\storage\942fd6d3-c493-46d0-baed-af39dd5278f0\pre-xslt-output\command_control_and_coordination_of_emergency_re.dita","CONCEPT","concept_structural_rules.sch","ERROR","Gate 2","","ERROR: 543 consecutive <p> elements found more than 5 . These should be converted into a <ul>/<li> structure. First <p>: ""(D2) Sanctions, clearances and preparatory works :"""
"C:\Users\Metapercept\Desktop\Nilesh\New-MetR\metR-Converter-PDF\storage\942fd6d3-c493-46d0-baed-af39dd5278f0\pre-xslt-output\command_control_and_coordination_of_emergency_re.dita","CONCEPT","concept_structural_rules.sch","ERROR","Gate 2","","ERROR: 542 consecutive <p> elements found more than 5 . These should be converted into a <ul>/<li> structure. First <p>: ""(D3) Level of Supervision/Responsibility :"""
"C:\Users\Metapercept\Desktop\Nilesh\New-MetR\metR-Converter-PDF\storage\942fd6d3-c493-46d0-baed-af39dd5278f0\pre-xslt-output\command_control_and_coordination_of_emergency_re.dita","CONCEPT","concept_structural_rules.sch","ERROR","Gate 2","","ERROR: 541 consecutive <p> elements found more than 5 . These should be converted into a <ul>/<li> structure. First <p>: ""(D4) Green Notice :"""
"C:\Users\Metapercept\Desktop\Nilesh\New-MetR\metR-Converter-PDF\storage\942fd6d3-c493-46d0-baed-af39dd5278f0\pre-xslt-output\command_control_and_coordination_of_emergency_re.dita","CONCEPT","concept_structural_rules.sch","ERROR","Gate 2","","ERROR: 540 consecutive <p> elements found more than 5 . These should be converted into a <ul>/<li> structure. First <p>: ""(iii) List of all works to be undertaken by Civil Engg./S&T/Elec. during NI period. (iv) Additional facilities to be made available after commissioning of new works."""
"C:\Users\Metapercept\Desktop\Nilesh\New-MetR\metR-Converter-PDF\storage\942fd6d3-c493-46d0-baed-af39dd5278f0\pre-xslt-output\command_control_and_coordination_of_emergency_re.dita","CONCEPT","concept_structural_rules.sch","ERROR","Gate 2","","ERROR: 539 consecutive <p> elements found more than 5 . These should be converted into a <ul>/<li> structure. First <p>: ""(D5) Time Tabling changes : For assessing the impact of NI working at a bigger terminal or at a Junction station, a detailed exercise has to be undertaken as indicated below."""
"C:\Users\Metapercept\Desktop\Nilesh\New-MetR\metR-Converter-PDF\storage\942fd6d3-c493-46d0-baed-af39dd5278f0\pre-xslt-output\command_control_and_coordination_of_emergency_re.dita","CONCEPT","concept_structural_rules.sch","ERROR","Gate 2","","ERROR: 538 consecutive <p> elements found more than 5 . These should be converted into a <ul>/<li> structure. First <p>: ""(D6) Advance preparation for Train Running : Stoppages on Platform :"""
"C:\Users\Metapercept\Desktop\Nilesh\New-MetR\metR-Converter-PDF\storage\942fd6d3-c493-46d0-baed-af39dd5278f0\pre-xslt-output\command_control_and_coordination_of_emergency_re.dita","CONCEPT","concept_structural_rules.sch","ERROR","Gate 2","","ERROR: 537 consecutive <p> elements found more than 5 . These should be converted into a <ul>/<li> structure. First <p>: ""Crew Changing :"""
"C:\Users\Metapercept\Desktop\Nilesh\New-MetR\metR-Converter-PDF\storage\942fd6d3-c493-46d0-baed-af39dd5278f0\pre-xslt-output\command_control_and_coordination_of_emergency_re.dita","CONCEPT","concept_structural_rules.sch","ERROR","Gate 2","","ERROR: 536 consecutive <p> elements found more than 5 . These should be converted into a <ul>/<li> structure. First <p>: ""(D7) Goomty Arrangements : Location and number of goomties is an extremely important aspect of advance planning for NI. Sr. DOM/Sr. DSO should personally approve final arrangements regarding goomties."""
"C:\Users\Metapercept\Desktop\Nilesh\New-MetR\metR-Converter-PDF\storage\942fd6d3-c493-46d0-baed-af39dd5278f0\pre-xslt-output\command_control_and_coordination_of_emergency_re.dita","CONCEPT","concept_structural_rules.sch","ERROR","Gate 2","","ERROR: 535 consecutive <p> elements found more than 5 . These should be converted into a <ul>/<li> structure. First <p>: ""(D8) Staff Arrangements : Staff Requirement :"""
"C:\Users\Metapercept\Desktop\Nilesh\New-MetR\metR-Converter-PDF\storage\942fd6d3-c493-46d0-baed-af39dd5278f0\pre-xslt-output\command_control_and_coordination_of_emergency_re.dita","CONCEPT","concept_structural_rules.sch","ERROR","Gate 2","","ERROR: 534 consecutive <p> elements found more than 5 . These should be converted into a <ul>/<li> structure. First <p>: ""(D9) HOER :"""
"C:\Users\Metapercept\Desktop\Nilesh\New-MetR\metR-Converter-PDF\storage\942fd6d3-c493-46d0-baed-af39dd5278f0\pre-xslt-output\command_control_and_coordination_of_emergency_re.dita","CONCEPT","concept_structural_rules.sch","ERROR","Gate 2","","ERROR: 533 consecutive <p> elements found more than 5 . These should be converted into a <ul>/<li> structure. First <p>: ""(D10) Duty Rosters shift wise : Meticulous detailed planning must be carried out for drawing up roster of staff to be deputed for NI working. While drawing up roster of staff for various shift duties, following guidelines must be followed :"""
"C:\Users\Metapercept\Desktop\Nilesh\New-MetR\metR-Converter-PDF\storage\942fd6d3-c493-46d0-baed-af39dd5278f0\pre-xslt-output\command_control_and_coordination_of_emergency_re.dita","CONCEPT","concept_structural_rules.sch","ERROR","Gate 2","","ERROR: 532 consecutive <p> elements found more than 5 . These should be converted into a <ul>/<li> structure. First <p>: ""First Night Shift Duty :"""
"C:\Users\Metapercept\Desktop\Nilesh\New-MetR\metR-Converter-PDF\storage\942fd6d3-c493-46d0-baed-af39dd5278f0\pre-xslt-output\command_control_and_coordination_of_emergency_re.dita","CONCEPT","concept_structural_rules.sch","ERROR","Gate 2","","ERROR: 531 consecutive <p> elements found more than 5 . These should be converted into a <ul>/<li> structure. First <p>: ""Day Shift Duty :"""
"C:\Users\Metapercept\Desktop\Nilesh\New-MetR\metR-Converter-PDF\storage\942fd6d3-c493-46d0-baed-af39dd5278f0\pre-xslt-output\command_control_and_coordination_of_emergency_re.dita","CONCEPT","concept_structural_rules.sch","ERROR","Gate 2","","ERROR: 530 consecutive <p> elements found more than 5 . These should be converted into a <ul>/<li> structure. First <p>: ""(D11) Temporary Working Instructions (TWI) :"""
"C:\Users\Metapercept\Desktop\Nilesh\New-MetR\metR-Converter-PDF\storage\942fd6d3-c493-46d0-baed-af39dd5278f0\pre-xslt-output\command_control_and_coordination_of_emergency_re.dita","CONCEPT","concept_structural_rules.sch","ERROR","Gate 2","","ERROR: 529 consecutive <p> elements found more than 5 . These should be converted into a <ul>/<li> structure. First <p>: ""(D12) Field level Advance Preparation :"""
"C:\Users\Metapercept\Desktop\Nilesh\New-MetR\metR-Converter-PDF\storage\942fd6d3-c493-46d0-baed-af39dd5278f0\pre-xslt-output\command_control_and_coordination_of_emergency_re.dita","CONCEPT","concept_structural_rules.sch","ERROR","Gate 2","","ERROR: 528 consecutive <p> elements found more than 5 . These should be converted into a <ul>/<li> structure. First <p>: ""(D13) Mock Drill and Staff Assurance :"""
"C:\Users\Metapercept\Desktop\Nilesh\New-MetR\metR-Converter-PDF\storage\942fd6d3-c493-46d0-baed-af39dd5278f0\pre-xslt-output\command_control_and_coordination_of_emergency_re.dita","CONCEPT","concept_structural_rules.sch","ERROR","Gate 2","","ERROR: 527 consecutive <p> elements found more than 5 . These should be converted into a <ul>/<li> structure. First <p>: ""(D14) Dissemination of information :"""
"C:\Users\Metapercept\Desktop\Nilesh\New-MetR\metR-Converter-PDF\storage\942fd6d3-c493-46d0-baed-af39dd5278f0\pre-xslt-output\command_control_and_coordination_of_emergency_re.dita","CONCEPT","concept_structural_rules.sch","ERROR","Gate 2","","ERROR: 526 consecutive <p> elements found more than 5 . These should be converted into a <ul>/<li> structure. First <p>: ""(D15) Telecommunication, Lighting and Medical :"""
"C:\Users\Metapercept\Desktop\Nilesh\New-MetR\metR-Converter-PDF\storage\942fd6d3-c493-46d0-baed-af39dd5278f0\pre-xslt-output\command_control_and_coordination_of_emergency_re.dita","CONCEPT","concept_structural_rules.sch","ERROR","Gate 2","","ERROR: 525 consecutive <p> elements found more than 5 . These should be converted into a <ul>/<li> structure. First <p>: ""(D16) Safety Equipment :"""
"C:\Users\Metapercept\Desktop\Nilesh\New-MetR\metR-Converter-PDF\storage\942fd6d3-c493-46d0-baed-af39dd5278f0\pre-xslt-output\command_control_and_coordination_of_emergency_re.dita","CONCEPT","concept_structural_rules.sch","ERROR","Gate 2","","ERROR: 524 consecutive <p> elements found more than 5 . These should be converted into a <ul>/<li> structure. First <p>: ""(D17) Security arrangements :"""
"C:\Users\Metapercept\Desktop\Nilesh\New-MetR\metR-Converter-PDF\storage\942fd6d3-c493-46d0-baed-af39dd5278f0\pre-xslt-output\command_control_and_coordination_of_emergency_re.dita","CONCEPT","concept_structural_rules.sch","ERROR","Gate 2","","ERROR: 523 consecutive <p> elements found more than 5 . These should be converted into a <ul>/<li> structure. First <p>: ""(D18) Introduction of NI working :"""
"C:\Users\Metapercept\Desktop\Nilesh\New-MetR\metR-Converter-PDF\storage\942fd6d3-c493-46d0-baed-af39dd5278f0\pre-xslt-output\command_control_and_coordination_of_emergency_re.dita","CONCEPT","concept_structural_rules.sch","ERROR","Gate 2","","ERROR: 522 consecutive <p> elements found more than 5 . These should be converted into a <ul>/<li> structure. First <p>: ""(D19) Train Operation during NI period : Working of Signals :"""
"C:\Users\Metapercept\Desktop\Nilesh\New-MetR\metR-Converter-PDF\storage\942fd6d3-c493-46d0-baed-af39dd5278f0\pre-xslt-output\command_control_and_coordination_of_emergency_re.dita","CONCEPT","concept_structural_rules.sch","ERROR","Gate 2","","ERROR: 521 consecutive <p> elements found more than 5 . These should be converted into a <ul>/<li> structure. First <p>: ""(D20) Failures :"""
"C:\Users\Metapercept\Desktop\Nilesh\New-MetR\metR-Converter-PDF\storage\942fd6d3-c493-46d0-baed-af39dd5278f0\pre-xslt-output\command_control_and_coordination_of_emergency_re.dita","CONCEPT","concept_structural_rules.sch","ERROR","Gate 2","","ERROR: 520 consecutive <p> elements found more than 5 . These should be converted into a <ul>/<li> structure. First <p>: ""(D21) Revised Station Working Rules :"""
"C:\Users\Metapercept\Desktop\Nilesh\New-MetR\metR-Converter-PDF\storage\942fd6d3-c493-46d0-baed-af39dd5278f0\pre-xslt-output\command_control_and_coordination_of_emergency_re.dita","CONCEPT","concept_structural_rules.sch","ERROR","Gate 2","","ERROR: 519 consecutive <p> elements found more than 5 . These should be converted into a <ul>/<li> structure. First <p>: ""(D22) Completion of NI Working:"""
"C:\Users\Metapercept\Desktop\Nilesh\New-MetR\metR-Converter-PDF\storage\942fd6d3-c493-46d0-baed-af39dd5278f0\pre-xslt-output\command_control_and_coordination_of_emergency_re.dita","CONCEPT","concept_structural_rules.sch","ERROR","Gate 2","","ERROR: 518 consecutive <p> elements found more than 5 . These should be converted into a <ul>/<li> structure. First <p>: ""functioning."""
"C:\Users\Metapercept\Desktop\Nilesh\New-MetR\metR-Converter-PDF\storage\942fd6d3-c493-46d0-baed-af39dd5278f0\pre-xslt-output\command_control_and_coordination_of_emergency_re.dita","CONCEPT","concept_structural_rules.sch","ERROR","Gate 2","","ERROR: 517 consecutive <p> elements found more than 5 . These should be converted into a <ul>/<li> structure. First <p>: ""(ii) Signals are properly focussed, the indications on the panel correspond with the signal aspect and point position at site."""
"C:\Users\Metapercept\Desktop\Nilesh\New-MetR\metR-Converter-PDF\storage\942fd6d3-c493-46d0-baed-af39dd5278f0\pre-xslt-output\command_control_and_coordination_of_emergency_re.dita","CONCEPT","concept_structural_rules.sch","ERROR","Gate 2","","ERROR: 515 consecutive <p> elements found more than 5 . These should be converted into a <ul>/<li> structure. First <p>: ""(D23) Post NI analysis :"""
"C:\Users\Metapercept\Desktop\Nilesh\New-MetR\metR-Converter-PDF\storage\942fd6d3-c493-46d0-baed-af39dd5278f0\pre-xslt-output\command_control_and_coordination_of_emergency_re.dita","CONCEPT","concept_structural_rules.sch","ERROR","Gate 2","","ERROR: 514 consecutive <p> elements found more than 5 . These should be converted into a <ul>/<li> structure. First <p>: ""OPERATING STATISTICS (Back to Index)"""
"C:\Users\Metapercept\Desktop\Nilesh\New-MetR\metR-Converter-PDF\storage\942fd6d3-c493-46d0-baed-af39dd5278f0\pre-xslt-output\command_control_and_coordination_of_emergency_re.dita","CONCEPT","concept_structural_rules.sch","ERROR","Gate 2","","ERROR: 510 consecutive <p> elements found more than 5 . These should be converted into a <ul>/<li> structure. First <p>: ""called ‘Fundamental units’. The fundamental units express two primary ideas in their relationship to one another viz. Tonne-kms, Passenger kilometres, Train-kilometres, Wagon-kilometres, Engine hours, Wagon days etc."""
"C:\Users\Metapercept\Desktop\Nilesh\New-MetR\metR-Converter-PDF\storage\942fd6d3-c493-46d0-baed-af39dd5278f0\pre-xslt-output\command_control_and_coordination_of_emergency_re.dita","CONCEPT","concept_structural_rules.sch","ERROR","Gate 2","","ERROR: 509 consecutive <p> elements found more than 5 . These should be converted into a <ul>/<li> structure. First <p>: ""Expresses the relationship that exists between two sets of primary or fundamental units and the results thus arrived is termed ‘Derived Units’. The process by which this relationship is ascertained is as illustrated in the following examples."""
"C:\Users\Metapercept\Desktop\Nilesh\New-MetR\metR-Converter-PDF\storage\942fd6d3-c493-46d0-baed-af39dd5278f0\pre-xslt-output\command_control_and_coordination_of_emergency_re.dita","CONCEPT","concept_structural_rules.sch","ERROR","Gate 2","","ERROR: 508 consecutive <p> elements found more than 5 . These should be converted into a <ul>/<li> structure. First <p>: ""These ‘Derived Units’ highlight special features of transportation output and are useful in evolving suitable management strategies"""
"C:\Users\Metapercept\Desktop\Nilesh\New-MetR\metR-Converter-PDF\storage\942fd6d3-c493-46d0-baed-af39dd5278f0\pre-xslt-output\command_control_and_coordination_of_emergency_re.dita","CONCEPT","concept_structural_rules.sch","ERROR","Gate 2","","ERROR: 506 consecutive <p> elements found more than 5 . These should be converted into a <ul>/<li> structure. First <p>: ""(ii) The traffic statistics include statistics of wagons loaded, wagon mobility, wagon usage, train loads, train mobility, productive and unproductive services, wagon detention, marshalling yard, terminal goods station and punctuality (iii) The power statistics include engine usage, fuel and energy consumption, and engine failure statistics etc."""
"C:\Users\Metapercept\Desktop\Nilesh\New-MetR\metR-Converter-PDF\storage\942fd6d3-c493-46d0-baed-af39dd5278f0\pre-xslt-output\command_control_and_coordination_of_emergency_re.dita","CONCEPT","concept_structural_rules.sch","ERROR","Gate 2","","ERROR: 504 consecutive <p> elements found more than 5 . These should be converted into a <ul>/<li> structure. First <p>: ""statistics required to be compiled by the railways for submission to the Railway Board in order to keep the Board generally informed about the different activities of the Indian Railways and (ii) further detailed Railway statistics which individual railway may undertake for their own respective domestic requirements."""
"C:\Users\Metapercept\Desktop\Nilesh\New-MetR\metR-Converter-PDF\storage\942fd6d3-c493-46d0-baed-af39dd5278f0\pre-xslt-output\command_control_and_coordination_of_emergency_re.dita","CONCEPT","concept_structural_rules.sch","ERROR","Gate 2","","ERROR: 503 consecutive <p> elements found more than 5 . These should be converted into a <ul>/<li> structure. First <p>: ""working under Finance deptt. The format and the methods of compilation of the monthly Statistical statements and the Annual Statistics required to be submitted to the Board are detailed in the Manual Statistical Instructions, Volumes I and II respectively. Operating Statistics:"""
"C:\Users\Metapercept\Desktop\Nilesh\New-MetR\metR-Converter-PDF\storage\942fd6d3-c493-46d0-baed-af39dd5278f0\pre-xslt-output\command_control_and_coordination_of_emergency_re.dita","CONCEPT","concept_structural_rules.sch","ERROR","Gate 2","","ERROR: 502 consecutive <p> elements found more than 5 . These should be converted into a <ul>/<li> structure. First <p>: ""pamphlets published periodically by the Railway Board. Detailed Statistics relating to each division and gauge are contained in various parts of the ‘Domestic’ statistics issued quarterly (Parts, I, II and II- B & C)."""
"C:\Users\Metapercept\Desktop\Nilesh\New-MetR\metR-Converter-PDF\storage\942fd6d3-c493-46d0-baed-af39dd5278f0\pre-xslt-output\command_control_and_coordination_of_emergency_re.dita","CONCEPT","concept_structural_rules.sch","ERROR","Gate 2","","ERROR: 501 consecutive <p> elements found more than 5 . These should be converted into a <ul>/<li> structure. First <p>: ""Operating ratio: The ratio of workings expense (excluding suspense but including appropriation to Depreciation Reserve Fund and Pension Fund) to Gross Earnings. (Expenditure incurred in connection with Administration, Operation, Maintenance and repairs of line open for traffic) A - Passenger Train Performance. Punctuality: Punctuality is the main criterion for judging passenger train performance, some of the statistics compiled separately for ‘Mail and Express trains’, ‘Other Passenger Trains', and ‘Mixed’ trains are: RT + NLT Punctuality = -------------------------------------- x 100 Total no. of Mail/Express trains RT = Trains arriving Right Time NLT = Trains not loosing time Vehicle Kilometres per Vehicles Day: This figure indicates by the vehicle days which are the product of average number of coaching vehicles on line /in use and the number of days in the period under reference. This figure indicates the extent to which coaching vehicles are kept ‘on the move’. The main factors affecting its value are:"""
"C:\Users\Metapercept\Desktop\Nilesh\New-MetR\metR-Converter-PDF\storage\942fd6d3-c493-46d0-baed-af39dd5278f0\pre-xslt-output\command_control_and_coordination_of_emergency_re.dita","CONCEPT","concept_structural_rules.sch","ERROR","Gate 2","","ERROR: 500 consecutive <p> elements found more than 5 . These should be converted into a <ul>/<li> structure. First <p>: ""the speeds of trains and tightening up rake links that an improved performance can be achieved."""
"C:\Users\Metapercept\Desktop\Nilesh\New-MetR\metR-Converter-PDF\storage\942fd6d3-c493-46d0-baed-af39dd5278f0\pre-xslt-output\command_control_and_coordination_of_emergency_re.dita","CONCEPT","concept_structural_rules.sch","ERROR","Gate 2","","ERROR: 499 consecutive <p> elements found more than 5 . These should be converted into a <ul>/<li> structure. First <p>: ""which is the product of average number of coaching vehicles on line and the number of days in the period under reference. Coaching Vehicle Km Vehicle km. Per Vehicle day = ---------------------------- Vehicle day Average Speeds: This figure represents the average time tabled speeds of passenger trains. The higher this figure, the better the service to the passengers Shunting Kilometres per 100 Train Kilometres (Passenger including proportion of Mixed) :"""
"C:\Users\Metapercept\Desktop\Nilesh\New-MetR\metR-Converter-PDF\storage\942fd6d3-c493-46d0-baed-af39dd5278f0\pre-xslt-output\command_control_and_coordination_of_emergency_re.dita","CONCEPT","concept_structural_rules.sch","ERROR","Gate 2","","ERROR: 498 consecutive <p> elements found more than 5 . These should be converted into a <ul>/<li> structure. First <p>: ""train kilometres (Passenger including proportion of mixed). Since the amount of shunting to be done on a passenger train depends upon various local factors, the figure will vary from Division to Division and from Railway to Railway, traffic conditions remaining constant, is indicative of wasteful shunting."""
"C:\Users\Metapercept\Desktop\Nilesh\New-MetR\metR-Converter-PDF\storage\942fd6d3-c493-46d0-baed-af39dd5278f0\pre-xslt-output\command_control_and_coordination_of_emergency_re.dita","CONCEPT","concept_structural_rules.sch","ERROR","Gate 2","","ERROR: 497 consecutive <p> elements found more than 5 . These should be converted into a <ul>/<li> structure. First <p>: ""train kilometres (passenger including proportion of mixed). It can be depicted by formula given below:- Shunting Kms x 100 ---------------------------- Train kms."""
"C:\Users\Metapercept\Desktop\Nilesh\New-MetR\metR-Converter-PDF\storage\942fd6d3-c493-46d0-baed-af39dd5278f0\pre-xslt-output\command_control_and_coordination_of_emergency_re.dita","CONCEPT","concept_structural_rules.sch","ERROR","Gate 2","","ERROR: 495 consecutive <p> elements found more than 5 . These should be converted into a <ul>/<li> structure. First <p>: ""merchandise, thus affording an indication of the extent to which wagon space is utilised by stations from which traffic originates. It is extremely important that wagons be given as full a load as possible because this means economy, in wagon usage and hence engine power and less strain on line and yard capacity. Even a slight improvement in the starting wagon load can mean a tremendous saving to the Railway."""
"C:\Users\Metapercept\Desktop\Nilesh\New-MetR\metR-Converter-PDF\storage\942fd6d3-c493-46d0-baed-af39dd5278f0\pre-xslt-output\command_control_and_coordination_of_emergency_re.dita","CONCEPT","concept_structural_rules.sch","ERROR","Gate 2","","ERROR: 494 consecutive <p> elements found more than 5 . These should be converted into a <ul>/<li> structure. First <p>: ""loaded (in terms of four wheelers), CR and TR vans as also wagons used for live stock and departmental purposes, however, are excluded. Tonnes Loaded Average Starting Wagon Load = ----------------------------- No. of Wagons Loaded Wagon Kilometres per Wagon Day:"""
"C:\Users\Metapercept\Desktop\Nilesh\New-MetR\metR-Converter-PDF\storage\942fd6d3-c493-46d0-baed-af39dd5278f0\pre-xslt-output\command_control_and_coordination_of_emergency_re.dita","CONCEPT","concept_structural_rules.sch","ERROR","Gate 2","","ERROR: 493 consecutive <p> elements found more than 5 . These should be converted into a <ul>/<li> structure. First <p>: ""moved by a wagon, on the average, per day, both loaded and empty journeys being included. Delays in marshalling yards, delays at stations when loading or unloading, delays in clearance from roadside stations, decrease in average speed of goods trains, increase in the number of wagons awaiting repairs, and shorter loads of trains are some of the factors normally responsible for poor mobility."""
"C:\Users\Metapercept\Desktop\Nilesh\New-MetR\metR-Converter-PDF\storage\942fd6d3-c493-46d0-baed-af39dd5278f0\pre-xslt-output\command_control_and_coordination_of_emergency_re.dita","CONCEPT","concept_structural_rules.sch","ERROR","Gate 2","","ERROR: 492 consecutive <p> elements found more than 5 . These should be converted into a <ul>/<li> structure. First <p>: ""daily average number of wagons on line and number of days in period. Wagon Kms. Wagon Km. Per Wagon day = --------------- Wagon Days Net Tonne Kilometres per Wagon Day :"""
"C:\Users\Metapercept\Desktop\Nilesh\New-MetR\metR-Converter-PDF\storage\942fd6d3-c493-46d0-baed-af39dd5278f0\pre-xslt-output\command_control_and_coordination_of_emergency_re.dita","CONCEPT","concept_structural_rules.sch","ERROR","Gate 2","","ERROR: 491 consecutive <p> elements found more than 5 . These should be converted into a <ul>/<li> structure. First <p>: ""mobility and loading. A decrease in this figure may be due interalia to any of the causes which effect the figure of wagon kilometres per wagon day. The proportion of loaded to total wagon kilometer age, the average loaded wagon and the relative amount of heavy and light merchandise carried, are some of the other factors which may effect this figure."""
"C:\Users\Metapercept\Desktop\Nilesh\New-MetR\metR-Converter-PDF\storage\942fd6d3-c493-46d0-baed-af39dd5278f0\pre-xslt-output\command_control_and_coordination_of_emergency_re.dita","CONCEPT","concept_structural_rules.sch","ERROR","Gate 2","","ERROR: 490 consecutive <p> elements found more than 5 . These should be converted into a <ul>/<li> structure. First <p>: ""denominator wagon days. Net Tonne kms. Net Tonne km. Per wagon day = --------------------"""
"C:\Users\Metapercept\Desktop\Nilesh\New-MetR\metR-Converter-PDF\storage\942fd6d3-c493-46d0-baed-af39dd5278f0\pre-xslt-output\command_control_and_coordination_of_emergency_re.dita","CONCEPT","concept_structural_rules.sch","ERROR","Gate 2","","ERROR: 488 consecutive <p> elements found more than 5 . These should be converted into a <ul>/<li> structure. First <p>: ""wagons carried. It suffers from the draw back that it does not directly reflect the performance of the division, gauge or railway to which it applies, as only a proportion of the loaded wagons carried is loaded locally and the balance consists of both received traffic and cross traffic."""
"C:\Users\Metapercept\Desktop\Nilesh\New-MetR\metR-Converter-PDF\storage\942fd6d3-c493-46d0-baed-af39dd5278f0\pre-xslt-output\command_control_and_coordination_of_emergency_re.dita","CONCEPT","concept_structural_rules.sch","ERROR","Gate 2","","ERROR: 487 consecutive <p> elements found more than 5 . These should be converted into a <ul>/<li> structure. First <p>: ""figure relating to departmental trains are excluded). Net Tonnes Kms. Average Wagon Load during the run = -------------------------- Loaded Wagon kms."""
"C:\Users\Metapercept\Desktop\Nilesh\New-MetR\metR-Converter-PDF\storage\942fd6d3-c493-46d0-baed-af39dd5278f0\pre-xslt-output\command_control_and_coordination_of_emergency_re.dita","CONCEPT","concept_structural_rules.sch","ERROR","Gate 2","","ERROR: 485 consecutive <p> elements found more than 5 . These should be converted into a <ul>/<li> structure. First <p>: ""arrived at by dividing the total train kilometres by total train engine hours of the concerned service. Detentions to goods trains at roadside stations enter into the calculations and have therefore the effect of bringing down average speeds. Train kms. Average Speed of Goods Trains = ------------------------ Train Engine hours."""
"C:\Users\Metapercept\Desktop\Nilesh\New-MetR\metR-Converter-PDF\storage\942fd6d3-c493-46d0-baed-af39dd5278f0\pre-xslt-output\command_control_and_coordination_of_emergency_re.dita","CONCEPT","concept_structural_rules.sch","ERROR","Gate 2","","ERROR: 484 consecutive <p> elements found more than 5 . These should be converted into a <ul>/<li> structure. First <p>: ""worked to its sectional capacity, the proper the speeds obtained."""
"C:\Users\Metapercept\Desktop\Nilesh\New-MetR\metR-Converter-PDF\storage\942fd6d3-c493-46d0-baed-af39dd5278f0\pre-xslt-output\command_control_and_coordination_of_emergency_re.dita","CONCEPT","concept_structural_rules.sch","ERROR","Gate 2","","ERROR: 483 consecutive <p> elements found more than 5 . These should be converted into a <ul>/<li> structure. First <p>: ""standard of maintenance of engines and time taken by loco pilots for loco requirements."""
"C:\Users\Metapercept\Desktop\Nilesh\New-MetR\metR-Converter-PDF\storage\942fd6d3-c493-46d0-baed-af39dd5278f0\pre-xslt-output\command_control_and_coordination_of_emergency_re.dita","CONCEPT","concept_structural_rules.sch","ERROR","Gate 2","","ERROR: 482 consecutive <p> elements found more than 5 . These should be converted into a <ul>/<li> structure. First <p>: ""minimum time and shorter block sections which will increase the sectional capacity."""
"C:\Users\Metapercept\Desktop\Nilesh\New-MetR\metR-Converter-PDF\storage\942fd6d3-c493-46d0-baed-af39dd5278f0\pre-xslt-output\command_control_and_coordination_of_emergency_re.dita","CONCEPT","concept_structural_rules.sch","ERROR","Gate 2","","ERROR: 481 consecutive <p> elements found more than 5 . These should be converted into a <ul>/<li> structure. First <p>: ""Average Net Train Loads (in tonnes) : This figure refers to the average freight load carried in tonnes, i.e., to that portion of load which earns revenue for the railway."""
"C:\Users\Metapercept\Desktop\Nilesh\New-MetR\metR-Converter-PDF\storage\942fd6d3-c493-46d0-baed-af39dd5278f0\pre-xslt-output\command_control_and_coordination_of_emergency_re.dita","CONCEPT","concept_structural_rules.sch","ERROR","Gate 2","","ERROR: 478 consecutive <p> elements found more than 5 . These should be converted into a <ul>/<li> structure. First <p>: ""Shunting Engine Kilometres per 100 Train Kilometres :"""
"C:\Users\Metapercept\Desktop\Nilesh\New-MetR\metR-Converter-PDF\storage\942fd6d3-c493-46d0-baed-af39dd5278f0\pre-xslt-output\command_control_and_coordination_of_emergency_re.dita","CONCEPT","concept_structural_rules.sch","ERROR","Gate 2","","ERROR: 477 consecutive <p> elements found more than 5 . These should be converted into a <ul>/<li> structure. First <p>: ""(Goods and proportion of mixed). Its value is affected mainly by the load of goods trains, and the amount of terminal work involved. Shunting kms. x 100 Shunting Engine kms. per 100 Train kms. = -------------------------- Train kms."""
"C:\Users\Metapercept\Desktop\Nilesh\New-MetR\metR-Converter-PDF\storage\942fd6d3-c493-46d0-baed-af39dd5278f0\pre-xslt-output\command_control_and_coordination_of_emergency_re.dita","CONCEPT","concept_structural_rules.sch","ERROR","Gate 2","","ERROR: 476 consecutive <p> elements found more than 5 . These should be converted into a <ul>/<li> structure. First <p>: ""figure is indicative of wasteful shunting. Net Tonne Kilometres per Engine Hour : The figure of net tonne kilometres per Engine hour is a very useful index of the efficiency of freight working on a division. Net tonne kilometres indicate the amount of revenue earning work done while engine hour measure the cost of if doing it. Net Tonne kms. Net Tonne Kilometers per Engine Hours = -------------------- Engine hours A decrease in net tonne Kilometres per engine hour may be due to factors such as:"""
"C:\Users\Metapercept\Desktop\Nilesh\New-MetR\metR-Converter-PDF\storage\942fd6d3-c493-46d0-baed-af39dd5278f0\pre-xslt-output\command_control_and_coordination_of_emergency_re.dita","CONCEPT","concept_structural_rules.sch","ERROR","Gate 2","","ERROR: 475 consecutive <p> elements found more than 5 . These should be converted into a <ul>/<li> structure. First <p>: ""other divisions."""
"C:\Users\Metapercept\Desktop\Nilesh\New-MetR\metR-Converter-PDF\storage\942fd6d3-c493-46d0-baed-af39dd5278f0\pre-xslt-output\command_control_and_coordination_of_emergency_re.dita","CONCEPT","concept_structural_rules.sch","ERROR","Gate 2","","ERROR: 474 consecutive <p> elements found more than 5 . These should be converted into a <ul>/<li> structure. First <p>: ""Average Detention per Wagon :"""
"C:\Users\Metapercept\Desktop\Nilesh\New-MetR\metR-Converter-PDF\storage\942fd6d3-c493-46d0-baed-af39dd5278f0\pre-xslt-output\command_control_and_coordination_of_emergency_re.dita","CONCEPT","concept_structural_rules.sch","ERROR","Gate 2","","ERROR: 473 consecutive <p> elements found more than 5 . These should be converted into a <ul>/<li> structure. First <p>: ""Detention suffered by stock in a yard depends, interalia, on the layout of the yard and on the number of trains per day that can be despatched in various directions. Target figures have been laid down for each yard for detentions to all wagons and through loaded wagons. Such targets take into consideration the condition of work and facilities available in the yard concerned. Detentions in excess of this figure indicate inefficient yard work. Lesser detentions mean lesser cost of handling wagons in yards. Total Detention Hours Average Detention per Wagon = ---------------------------------- No. of Wagons despatched Number of Wagons Dealt with per Shunting Engine Hour: The number of wagons that a given yard can deal with per shunting hour depends, interalia, on its lay- out. Accordingly a target figure has been prescribed for each yard to enable the efficiency of yard work to be gauged. As shunting involves cost, the higher this result, greater the efficiency of the yard. No. of Wagons dealt with No. of wagons dealt with per shunting engine hour = --------------------------- Shunting Engine hours"""
"C:\Users\Metapercept\Desktop\Nilesh\New-MetR\metR-Converter-PDF\storage\942fd6d3-c493-46d0-baed-af39dd5278f0\pre-xslt-output\command_control_and_coordination_of_emergency_re.dita","CONCEPT","concept_structural_rules.sch","ERROR","Gate 2","","ERROR: 471 consecutive <p> elements found more than 5 . These should be converted into a <ul>/<li> structure. First <p>: ""Engine kms. Engine kms. per day per engine in use = ---------------------- Engine days in use Engine Kilometres per Day per Engine on Line: This figure is also compiled by services and for all services put together. The proportion that this figure bears to the corresponding figure of ‘engine kilometres per engine day per engine in use’ indicates the proportion of available engines ‘on line’ that were put to effective use during the period in question. Engine kms. Engine kms. per day per eigine on line = ------------------------ Engine days on line Quantity of Fuel Consumed per Engine Kilometre by Service: This figure indicates the fuel consumption in relation to engine kilometres only and does not reflect the tonnes hauled. Quantity of Fuel Consumed Quantity of fuel consumed per engine km by service = ----------------------- Engine kms. Quantity of Fuel Consumed per 1000 Gross Tonne Kilometres by Services: This figure indicates the fuel consumption in relation to the work done and is, therefore, a better index of fuel consumption than the quantity of fuel consumed per engine kilometer figure. The main factor that influences this result is the gross load of the train. It is derived by the formula given below: Quantity of Fuel Consumed x 1000 Gross Tonne kms. Traction Energy consumption per engine km and per 1000 gross tonne kms is worked out exactly in the same way, replacing 1000 litres of diesel by kwhs. ~~~~~~"""
"C:\Users\Metapercept\Desktop\Nilesh\New-MetR\metR-Converter-PDF\storage\942fd6d3-c493-46d0-baed-af39dd5278f0\pre-xslt-output\command_control_and_coordination_of_emergency_re.dita","CONCEPT","concept_structural_rules.sch","ERROR","Gate 2","","ERROR: 469 consecutive <p> elements found more than 5 . These should be converted into a <ul>/<li> structure. First <p>: ""In keeping with global trend, there has been a long outstanding demand of the industry & trade for transparency in sharing of information to give the customers an up-to date business like environment. Railways in this millennium have decided not only to perform the traditional tasks of carrying passengers and goods efficiently, but also to change the mindset of working as a closed system. The great concern to improve on its market share has prompted Railways to have a multi pronged approach to its freight policy."""
"C:\Users\Metapercept\Desktop\Nilesh\New-MetR\metR-Converter-PDF\storage\942fd6d3-c493-46d0-baed-af39dd5278f0\pre-xslt-output\command_control_and_coordination_of_emergency_re.dita","CONCEPT","concept_structural_rules.sch","ERROR","Gate 2","","ERROR: 466 consecutive <p> elements found more than 5 . These should be converted into a <ul>/<li> structure. First <p>: ""To give a total transparent system with continuous Cargo visibility and an up-to date business environment to the Customers with instant access to information regarding their consignments in transit for just in time inventory’. FOIS is an On-line Real-Time system based on absolute current State of Art Technology and efficient Communication system. A management tool to optimize utilization of costly assets and resources by improving the distribution of Rakes/Wagons & Locos, and also scheduling and Routing Traffic in an optimized cost effective manner. Provides Continuous Cargo Visibility and enables the Freight customers to have instant access to information regarding the current status of their consignments in transit for just in time inventory."""
"C:\Users\Metapercept\Desktop\Nilesh\New-MetR\metR-Converter-PDF\storage\942fd6d3-c493-46d0-baed-af39dd5278f0\pre-xslt-output\command_control_and_coordination_of_emergency_re.dita","CONCEPT","concept_structural_rules.sch","ERROR","Gate 2","","ERROR: 465 consecutive <p> elements found more than 5 . These should be converted into a <ul>/<li> structure. First <p>: ""Presently two subsystems of FOIS are already in use after extensive field trials and validation. RMS TMS."""
"C:\Users\Metapercept\Desktop\Nilesh\New-MetR\metR-Converter-PDF\storage\942fd6d3-c493-46d0-baed-af39dd5278f0\pre-xslt-output\command_control_and_coordination_of_emergency_re.dita","CONCEPT","concept_structural_rules.sch","ERROR","Gate 2","","ERROR: 464 consecutive <p> elements found more than 5 . These should be converted into a <ul>/<li> structure. First <p>: ""currently being done manually will also be integrated with FOIS."""
"C:\Users\Metapercept\Desktop\Nilesh\New-MetR\metR-Converter-PDF\storage\942fd6d3-c493-46d0-baed-af39dd5278f0\pre-xslt-output\command_control_and_coordination_of_emergency_re.dita","CONCEPT","concept_structural_rules.sch","ERROR","Gate 2","","ERROR: 462 consecutive <p> elements found more than 5 . These should be converted into a <ul>/<li> structure. First <p>: ""FOIS is designed and developed in conformity with the state of art technology which is scaleable, maintainable, with open systems architecture and is based on the Indian Railways organizational hierarchy, its present and future requirements. Based on the business processes that are being adopted, the business model developed in the FOIS - IT architecture is based on the assumptions: -"""
"C:\Users\Metapercept\Desktop\Nilesh\New-MetR\metR-Converter-PDF\storage\942fd6d3-c493-46d0-baed-af39dd5278f0\pre-xslt-output\command_control_and_coordination_of_emergency_re.dita","CONCEPT","concept_structural_rules.sch","ERROR","Gate 2","","ERROR: 456 consecutive <p> elements found more than 5 . These should be converted into a <ul>/<li> structure. First <p>: ""Key components of the System Architecture"""
"C:\Users\Metapercept\Desktop\Nilesh\New-MetR\metR-Converter-PDF\storage\942fd6d3-c493-46d0-baed-af39dd5278f0\pre-xslt-output\command_control_and_coordination_of_emergency_re.dita","CONCEPT","concept_structural_rules.sch","ERROR","Gate 2","","ERROR: 453 consecutive <p> elements found more than 5 . These should be converted into a <ul>/<li> structure. First <p>: ""In view of the Centralized application architecture, a star based network topology has been designed. However, in order to provide alternate paths ( to meet the up time requirement of 99.9%) from reporting locations, a mesh has been created with in each zone so that every location has at least two paths to reach CRIS. Each zonal HQ has been connected to central location (CRIS) on high bandwidth pipes. In addition to this, another zonal location has been connected to CRIS using high capacity link. Hence these two high bandwidth links shall cater to the entire transaction load generated by a zone. Railway telecommunication network, leased lines, DOT, VSAT Technology as communication media has been provided for reliable and fast means of data transfer."""
"C:\Users\Metapercept\Desktop\Nilesh\New-MetR\metR-Converter-PDF\storage\942fd6d3-c493-46d0-baed-af39dd5278f0\pre-xslt-output\command_control_and_coordination_of_emergency_re.dita","CONCEPT","concept_structural_rules.sch","ERROR","Gate 2","","ERROR: 452 consecutive <p> elements found more than 5 . These should be converted into a <ul>/<li> structure. First <p>: ""For example:-"""
"C:\Users\Metapercept\Desktop\Nilesh\New-MetR\metR-Converter-PDF\storage\942fd6d3-c493-46d0-baed-af39dd5278f0\pre-xslt-output\command_control_and_coordination_of_emergency_re.dita","CONCEPT","concept_structural_rules.sch","ERROR","Gate 2","","ERROR: 447 consecutive <p> elements found more than 5 . These should be converted into a <ul>/<li> structure. First <p>: ""Realizing that functional phasing is the only way to keep the implementation effort within manageable limit and yet remain meaningful at every stage, FOIS software has been developed as above in three modules such that functions of global utility are implemented faster from fewer sites. It also takes into"""
"C:\Users\Metapercept\Desktop\Nilesh\New-MetR\metR-Converter-PDF\storage\942fd6d3-c493-46d0-baed-af39dd5278f0\pre-xslt-output\command_control_and_coordination_of_emergency_re.dita","CONCEPT","concept_structural_rules.sch","ERROR","Gate 2","","ERROR: 444 consecutive <p> elements found more than 5 . These should be converted into a <ul>/<li> structure. First <p>: ""For facilitating this process the organization of CAO/FOIS has been strengthened and made responsible for coordination, implementation on All - India-basis."""
"C:\Users\Metapercept\Desktop\Nilesh\New-MetR\metR-Converter-PDF\storage\942fd6d3-c493-46d0-baed-af39dd5278f0\pre-xslt-output\command_control_and_coordination_of_emergency_re.dita","CONCEPT","concept_structural_rules.sch","ERROR","Gate 2","","ERROR: 442 consecutive <p> elements found more than 5 . These should be converted into a <ul>/<li> structure. First <p>: ""� Rake based consignment tracking and pipeline � Invoice based loading –Originating Tonnage & Revenue � Information on trains on the run, the ETA at next point and the work to be performed. � Vehicle guidance of all trains on run. � Daily report describing the performance of all through trains operated in a controlled territory for the day. � Actual/Estimated arrival and departure particulars for a particular train at any or all the reporting points � Yard or on the run delay information. � Train & stock Interchange � Wagon wise Interchange"""
"C:\Users\Metapercept\Desktop\Nilesh\New-MetR\metR-Converter-PDF\storage\942fd6d3-c493-46d0-baed-af39dd5278f0\pre-xslt-output\command_control_and_coordination_of_emergency_re.dita","CONCEPT","concept_structural_rules.sch","ERROR","Gate 2","","ERROR: 441 consecutive <p> elements found more than 5 . These should be converted into a <ul>/<li> structure. First <p>: ""Savings in wagon fleet would result in corresponding saving in the recurring cost of maintenance of wagons"""
"C:\Users\Metapercept\Desktop\Nilesh\New-MetR\metR-Converter-PDF\storage\942fd6d3-c493-46d0-baed-af39dd5278f0\pre-xslt-output\command_control_and_coordination_of_emergency_re.dita","CONCEPT","concept_structural_rules.sch","ERROR","Gate 2","","ERROR: 439 consecutive <p> elements found more than 5 . These should be converted into a <ul>/<li> structure. First <p>: ""Accuracy of reporting –In the Head &Hand system collecting data on telephones results in sizeable error levels, which need to be reconciled &corrected periodically .FOIS data with built in validation systems has Zero errors ."""
"C:\Users\Metapercept\Desktop\Nilesh\New-MetR\metR-Converter-PDF\storage\942fd6d3-c493-46d0-baed-af39dd5278f0\pre-xslt-output\command_control_and_coordination_of_emergency_re.dita","CONCEPT","concept_structural_rules.sch","ERROR","Gate 2","","ERROR: 437 consecutive <p> elements found more than 5 . These should be converted into a <ul>/<li> structure. First <p>: ""RMS module has been developed with GUI interface which is highly interactive, very user friendly. The software is totally menu driven and navigation is through logically linked tasks. The application and front end forms for reporting events has been developed in Visual Basic and resides in the client machine located at the reporting location . Data is stored in the central server locate at CRIS."""
"C:\Users\Metapercept\Desktop\Nilesh\New-MetR\metR-Converter-PDF\storage\942fd6d3-c493-46d0-baed-af39dd5278f0\pre-xslt-output\command_control_and_coordination_of_emergency_re.dita","CONCEPT","concept_structural_rules.sch","ERROR","Gate 2","","ERROR: 436 consecutive <p> elements found more than 5 . These should be converted into a <ul>/<li> structure. First <p>: ""A Rake is a very generalized term, which refers to any set of wagons moving together and has been identified in the system as rake. Wagons can be attached/detached to a Rake. A Rake is identified by a uniquely defined ID number, which remains unchanged through various Load/Empty cycles & movements. A Rake, when given a destination, is known as a Load. A Load, when given a loco, is known as a Train. Thus, there can be no Train without a Load & no Load without a Rake (except where a load is mixed and is not identified in the system as a rake). With a clear understanding of these terms, you enter data through clearly defined “tasks”."""
"C:\Users\Metapercept\Desktop\Nilesh\New-MetR\metR-Converter-PDF\storage\942fd6d3-c493-46d0-baed-af39dd5278f0\pre-xslt-output\command_control_and_coordination_of_emergency_re.dita","CONCEPT","concept_structural_rules.sch","ERROR","Gate 2","","ERROR: 425 consecutive <p> elements found more than 5 . These should be converted into a <ul>/<li> structure. First <p>: ""Internet Connections:"""
"C:\Users\Metapercept\Desktop\Nilesh\New-MetR\metR-Converter-PDF\storage\942fd6d3-c493-46d0-baed-af39dd5278f0\pre-xslt-output\command_control_and_coordination_of_emergency_re.dita","CONCEPT","concept_structural_rules.sch","ERROR","Gate 2","","ERROR: 343 consecutive <p> elements found more than 5 . These should be converted into a <ul>/<li> structure. First <p>: ""Management of Network: - Having route/media diversity and adequate spare equipment has provided sufficient redundancy. It should always be ensured that redundancies are always in working order. Monitoring the functioning of Network with the help of NMS software installed is also the function of zonal OCC that has to be manned round the clock on a continuous basis. It will include – Ensuring that primary and secondary data and voice channels are in working condition. If your node is connected through two channels & one of them is down, you will not know the difference. However, with one channel down, you are in a very precarious position, as data entry will stop as soon as the second channel even flickers. It is therefore important for you to take active interest in knowing the state of a channel. This can be done through “pinging”. Pinging is the name given to sending & receiving a test data packet from one computer to another remote PC/Router or to any intelligent device. However, you can ping only if you know the (IP) address of remote PC or Router. List of IP addresses of your zone should be available with OCC. You can ping by following command Start → Run → Ping [IP Address of Device] → OK For finding the channel uptime, you have to schedule task of pinging, even if your Node is up. Ideally, every 4 hours, you should ping to adjacent Routers & note the result. This, compiled over entire day, will give channel availability of each channel at your Node. Registering complaints for channels that are not working and following up for rectification. Liaison with both BSNL and railways for the above. Routers have been configured to route data on a predetermined priority. Rerouting and load balancing will have to be done through OSPF (Open Shortest Pathfinder) on the NMS and need basis. Analysis of network failures for identifying problematic links for up gradation. Monitoring payment processes of rentals of communication channels. Trouble shooting for other equipment failures in association with central OCC and ordering its replacement from the spares."""
"C:\Users\Metapercept\Desktop\Nilesh\New-MetR\metR-Converter-PDF\storage\942fd6d3-c493-46d0-baed-af39dd5278f0\pre-xslt-output\command_control_and_coordination_of_emergency_re.dita","CONCEPT","concept_structural_rules.sch","ERROR","Gate 2","","ERROR: 337 consecutive <p> elements found more than 5 . These should be converted into a <ul>/<li> structure. First <p>: ""big city were vendor services are available readily."""
"C:\Users\Metapercept\Desktop\Nilesh\New-MetR\metR-Converter-PDF\storage\942fd6d3-c493-46d0-baed-af39dd5278f0\pre-xslt-output\command_control_and_coordination_of_emergency_re.dita","CONCEPT","concept_structural_rules.sch","ERROR","Gate 2","","ERROR: 331 consecutive <p> elements found more than 5 . These should be converted into a <ul>/<li> structure. First <p>: ""OCC will in consultation with COM prescribe a schedule for identified manual reports and bring systems stability in terms of data capturing in those areas first."""
"C:\Users\Metapercept\Desktop\Nilesh\New-MetR\metR-Converter-PDF\storage\942fd6d3-c493-46d0-baed-af39dd5278f0\pre-xslt-output\command_control_and_coordination_of_emergency_re.dita","CONCEPT","concept_structural_rules.sch","ERROR","Gate 2","","ERROR: 206 consecutive <p> elements found more than 5 . These should be converted into a <ul>/<li> structure. First <p>: ""PRECAUTIONS"""
"C:\Users\Metapercept\Desktop\Nilesh\New-MetR\metR-Converter-PDF\storage\942fd6d3-c493-46d0-baed-af39dd5278f0\pre-xslt-output\command_control_and_coordination_of_emergency_re.dita","CONCEPT","concept_structural_rules.sch","ERROR","Gate 2","","ERROR: 205 consecutive <p> elements found more than 5 . These should be converted into a <ul>/<li> structure. First <p>: ""In case of difficulty contact HUB numbers: (To be taken from CRIS) Specify the display of all the three PES cards PES= Power Earth Station ODU= Out door unit DIU= Digital Indoor Unit IFM=Intermediate Frequency Module VDPC=Voice Data Port Card MPC=Multiport Port Control"""
"C:\Users\Metapercept\Desktop\Nilesh\New-MetR\metR-Converter-PDF\storage\942fd6d3-c493-46d0-baed-af39dd5278f0\pre-xslt-output\command_control_and_coordination_of_emergency_re.dita","CONCEPT","concept_structural_rules.sch","ERROR","Gate 2","","ERROR: 203 consecutive <p> elements found more than 5 . These should be converted into a <ul>/<li> structure. First <p>: ""Unlike PAM - no concept of data “feeding” in COIS. Instead working on the system at station/yard level leads to generation of required data (and memos for the operator).This works as input for MIS."""
"C:\Users\Metapercept\Desktop\Nilesh\New-MetR\metR-Converter-PDF\storage\942fd6d3-c493-46d0-baed-af39dd5278f0\pre-xslt-output\command_control_and_coordination_of_emergency_re.dita","CONCEPT","concept_structural_rules.sch","ERROR","Gate 2","","ERROR: 201 consecutive <p> elements found more than 5 . These should be converted into a <ul>/<li> structure. First <p>: ""(iii) ICMS-MIS-REPORTS"""
"C:\Users\Metapercept\Desktop\Nilesh\New-MetR\metR-Converter-PDF\storage\942fd6d3-c493-46d0-baed-af39dd5278f0\pre-xslt-output\command_control_and_coordination_of_emergency_re.dita","CONCEPT","concept_structural_rules.sch","ERROR","Gate 2","","ERROR: 200 consecutive <p> elements found more than 5 . These should be converted into a <ul>/<li> structure. First <p>: ""Control Office Application (COA) (Back to Index)"""
"C:\Users\Metapercept\Desktop\Nilesh\New-MetR\metR-Converter-PDF\storage\942fd6d3-c493-46d0-baed-af39dd5278f0\pre-xslt-output\command_control_and_coordination_of_emergency_re.dita","CONCEPT","concept_structural_rules.sch","ERROR","Gate 2","","ERROR: 199 consecutive <p> elements found more than 5 . These should be converted into a <ul>/<li> structure. First <p>: ""1.1 What is Control Office Application?"""
"C:\Users\Metapercept\Desktop\Nilesh\New-MetR\metR-Converter-PDF\storage\942fd6d3-c493-46d0-baed-af39dd5278f0\pre-xslt-output\command_control_and_coordination_of_emergency_re.dita","CONCEPT","concept_structural_rules.sch","ERROR","Gate 2","","ERROR: 193 consecutive <p> elements found more than 5 . These should be converted into a <ul>/<li> structure. First <p>: ""The application will have interfacing capability with Data Logger to capture data pertaining to train movements in the final version of the product. ."""
"C:\Users\Metapercept\Desktop\Nilesh\New-MetR\metR-Converter-PDF\storage\942fd6d3-c493-46d0-baed-af39dd5278f0\pre-xslt-output\command_control_and_coordination_of_emergency_re.dita","CONCEPT","concept_structural_rules.sch","ERROR","Gate 2","","ERROR: 191 consecutive <p> elements found more than 5 . These should be converted into a <ul>/<li> structure. First <p>: ""1.4 Benefits:"""
"C:\Users\Metapercept\Desktop\Nilesh\New-MetR\metR-Converter-PDF\storage\942fd6d3-c493-46d0-baed-af39dd5278f0\pre-xslt-output\command_control_and_coordination_of_emergency_re.dita","CONCEPT","concept_structural_rules.sch","ERROR","Gate 2","","ERROR: 190 consecutive <p> elements found more than 5 . These should be converted into a <ul>/<li> structure. First <p>: ""ANTI COLLISION DEVICE (ACD) (Back to Index)"""
"C:\Users\Metapercept\Desktop\Nilesh\New-MetR\metR-Converter-PDF\storage\942fd6d3-c493-46d0-baed-af39dd5278f0\pre-xslt-output\command_control_and_coordination_of_emergency_re.dita","CONCEPT","concept_structural_rules.sch","ERROR","Gate 2","","ERROR: 178 consecutive <p> elements found more than 5 . These should be converted into a <ul>/<li> structure. First <p>: ""track to be checked under the load and for a distance of 45 meters on either side of point of mount, if cause is indisputably known otherwise for a distance of 90 meters ahead of the point of mount. In case of sabotage or suspected sabotage nothing to be disturbed except to rescue life till ok from police."""
"C:\Users\Metapercept\Desktop\Nilesh\New-MetR\metR-Converter-PDF\storage\942fd6d3-c493-46d0-baed-af39dd5278f0\pre-xslt-output\command_control_and_coordination_of_emergency_re.dita","CONCEPT","concept_structural_rules.sch","ERROR","Gate 2","","ERROR: 177 consecutive <p> elements found more than 5 . These should be converted into a <ul>/<li> structure. First <p>: ""Point of drop/mount to be indicated."""
"C:\Users\Metapercept\Desktop\Nilesh\New-MetR\metR-Converter-PDF\storage\942fd6d3-c493-46d0-baed-af39dd5278f0\pre-xslt-output\command_control_and_coordination_of_emergency_re.dita","CONCEPT","concept_structural_rules.sch","ERROR","Gate 2","","ERROR: 176 consecutive <p> elements found more than 5 . These should be converted into a <ul>/<li> structure. First <p>: ""engine details as also breakage of components like brake blocks underframe assemblies having caused obstructions."""
"C:\Users\Metapercept\Desktop\Nilesh\New-MetR\metR-Converter-PDF\storage\942fd6d3-c493-46d0-baed-af39dd5278f0\pre-xslt-output\command_control_and_coordination_of_emergency_re.dita","CONCEPT","concept_structural_rules.sch","ERROR","Gate 2","","ERROR: 175 consecutive <p> elements found more than 5 . These should be converted into a <ul>/<li> structure. First <p>: ""by two officers or two Sr. Subordinates of different branches and relay room to be sealed;"""
"C:\Users\Metapercept\Desktop\Nilesh\New-MetR\metR-Converter-PDF\storage\942fd6d3-c493-46d0-baed-af39dd5278f0\pre-xslt-output\command_control_and_coordination_of_emergency_re.dita","CONCEPT","concept_structural_rules.sch","ERROR","Gate 2","","ERROR: 174 consecutive <p> elements found more than 5 . These should be converted into a <ul>/<li> structure. First <p>: ""of accident."""
"C:\Users\Metapercept\Desktop\Nilesh\New-MetR\metR-Converter-PDF\storage\942fd6d3-c493-46d0-baed-af39dd5278f0\pre-xslt-output\command_control_and_coordination_of_emergency_re.dita","CONCEPT","concept_structural_rules.sch","ERROR","Gate 2","","ERROR: 173 consecutive <p> elements found more than 5 . These should be converted into a <ul>/<li> structure. First <p>: ""accident;"""
"C:\Users\Metapercept\Desktop\Nilesh\New-MetR\metR-Converter-PDF\storage\942fd6d3-c493-46d0-baed-af39dd5278f0\pre-xslt-output\command_control_and_coordination_of_emergency_re.dita","CONCEPT","concept_structural_rules.sch","ERROR","Gate 2","","ERROR: 172 consecutive <p> elements found more than 5 . These should be converted into a <ul>/<li> structure. First <p>: ""before the Accident Enquiry Committee. The track and coach/wagon is to be examined jointly and the data and information collected are to be recorded jointly signed by the Sr. Subordinates available at the site."""
"C:\Users\Metapercept\Desktop\Nilesh\New-MetR\metR-Converter-PDF\storage\942fd6d3-c493-46d0-baed-af39dd5278f0\pre-xslt-output\command_control_and_coordination_of_emergency_re.dita","CONCEPT","concept_structural_rules.sch","ERROR","Gate 2","","ERROR: 170 consecutive <p> elements found more than 5 . These should be converted into a <ul>/<li> structure. First <p>: ""It is always useful to look into all aspects connected with the derailment. Sometimes important clues get neglected due to preconceived ideas and it becomes very difficult to properly arrive at the cause of derailment."""
"C:\Users\Metapercept\Desktop\Nilesh\New-MetR\metR-Converter-PDF\storage\942fd6d3-c493-46d0-baed-af39dd5278f0\pre-xslt-output\command_control_and_coordination_of_emergency_re.dita","CONCEPT","concept_structural_rules.sch","ERROR","Gate 2","","ERROR: 168 consecutive <p> elements found more than 5 . These should be converted into a <ul>/<li> structure. First <p>: ""Type 1: When one or both wheels of the same wheel-set fall inside the track:"""
"C:\Users\Metapercept\Desktop\Nilesh\New-MetR\metR-Converter-PDF\storage\942fd6d3-c493-46d0-baed-af39dd5278f0\pre-xslt-output\command_control_and_coordination_of_emergency_re.dita","CONCEPT","concept_structural_rules.sch","ERROR","Gate 2","","ERROR: 165 consecutive <p> elements found more than 5 . These should be converted into a <ul>/<li> structure. First <p>: ""μ R In the above figure different forces shown are as follow: Q: Instantaneous wheel load R: Reaction of rail Y: Lateral thrust (flange force) μ R: Frictional force between rail and wheel flange (acts upward) μ : Coefficient of friction β : Flange angle From the above simple model, following formula was derived by Nadal in 1908:"""
"C:\Users\Metapercept\Desktop\Nilesh\New-MetR\metR-Converter-PDF\storage\942fd6d3-c493-46d0-baed-af39dd5278f0\pre-xslt-output\command_control_and_coordination_of_emergency_re.dita","CONCEPT","concept_structural_rules.sch","ERROR","Gate 2","","ERROR: 159 consecutive <p> elements found more than 5 . These should be converted into a <ul>/<li> structure. First <p>: ""For investigation of such derailments the accident site must be carefully inspected for foreign body, which might have caused obstruction to the derailed wheel. Examination of train brake power, position of zero brake power vehicles and heavily loaded vehicles must be critically done. Additionally, loco speedometer chart must be checked for last brake application."""
"C:\Users\Metapercept\Desktop\Nilesh\New-MetR\metR-Converter-PDF\storage\942fd6d3-c493-46d0-baed-af39dd5278f0\pre-xslt-output\command_control_and_coordination_of_emergency_re.dita","CONCEPT","concept_structural_rules.sch","ERROR","Gate 2","","ERROR: 157 consecutive <p> elements found more than 5 . These should be converted into a <ul>/<li> structure. First <p>: ""In a number of cases an empty derailed wagon had been pulled to a very long distance and the wheel mount mark was found but disputed due to ignorance of the investigating officials. In all the cases, one must ascertain the first wheel drop mark and then trace back the mount mark. After locating the mount mark, next step is to match it with the wheel that derailed first. For this matching of damages on sleepers and position of vehicles after derailment will have to be done."""
"C:\Users\Metapercept\Desktop\Nilesh\New-MetR\metR-Converter-PDF\storage\942fd6d3-c493-46d0-baed-af39dd5278f0\pre-xslt-output\command_control_and_coordination_of_emergency_re.dita","CONCEPT","concept_structural_rules.sch","ERROR","Gate 2","","ERROR: 153 consecutive <p> elements found more than 5 . These should be converted into a <ul>/<li> structure. First <p>: ""In such cases, if there is no obvious reason like obstructions or rail failure, track parameters are of particular relevance and sufficient care has to be taken in recording them. Readings of track geometry is of great importance in establishing the behaviour of vehicle just before the derailment. In addition to the readings taken after derailments, records of previous maintenance (rail renewal, de-stressing etc.) must be perused to assess the amount of work done in the last few days."""
"C:\Users\Metapercept\Desktop\Nilesh\New-MetR\metR-Converter-PDF\storage\942fd6d3-c493-46d0-baed-af39dd5278f0\pre-xslt-output\command_control_and_coordination_of_emergency_re.dita","CONCEPT","concept_structural_rules.sch","ERROR","Gate 2","","ERROR: 147 consecutive <p> elements found more than 5 . These should be converted into a <ul>/<li> structure. First <p>: ""The Gauge must be correct at all places except at the toe where it may be 6 mm slack for housing the tongue rail."""
"C:\Users\Metapercept\Desktop\Nilesh\New-MetR\metR-Converter-PDF\storage\942fd6d3-c493-46d0-baed-af39dd5278f0\pre-xslt-output\command_control_and_coordination_of_emergency_re.dita","CONCEPT","concept_structural_rules.sch","ERROR","Gate 2","","ERROR: 144 consecutive <p> elements found more than 5 . These should be converted into a <ul>/<li> structure. First <p>: ""the points and crossings. the gauge on the adjoining track must be brought to the same gauge as in points and crossings and run out at the rate of I mm in 3 metres to the requisite extent. It should, however, be ensured that the same gauge as applicable to the points and crossings is maintained for at least one rail length on either side of point and crossings."""""
"C:\Users\Metapercept\Desktop\Nilesh\New-MetR\metR-Converter-PDF\storage\942fd6d3-c493-46d0-baed-af39dd5278f0\pre-xslt-output\command_control_and_coordination_of_emergency_re.dita","CONCEPT","concept_structural_rules.sch","ERROR","Gate 2","","ERROR: 142 consecutive <p> elements found more than 5 . These should be converted into a <ul>/<li> structure. First <p>: ""If the derailment is suspected to have started near the crossing the following points must be carefully checked:-"""
"C:\Users\Metapercept\Desktop\Nilesh\New-MetR\metR-Converter-PDF\storage\942fd6d3-c493-46d0-baed-af39dd5278f0\pre-xslt-output\command_control_and_coordination_of_emergency_re.dita","CONCEPT","concept_structural_rules.sch","ERROR","Gate 2","","ERROR: 141 consecutive <p> elements found more than 5 . These should be converted into a <ul>/<li> structure. First <p>: ""IRPWM has specified a check-list for complete examination of points and crossings."""
"C:\Users\Metapercept\Desktop\Nilesh\New-MetR\metR-Converter-PDF\storage\942fd6d3-c493-46d0-baed-af39dd5278f0\pre-xslt-output\command_control_and_coordination_of_emergency_re.dita","CONCEPT","concept_structural_rules.sch","ERROR","Gate 2","","ERROR: 138 consecutive <p> elements found more than 5 . These should be converted into a <ul>/<li> structure. First <p>: ""Track defects have a vital role in the accident and therefore it is very essential to check the various parameters of the track. The following parameters must be checked thoroughly to pin point the defects in the track:"""
"C:\Users\Metapercept\Desktop\Nilesh\New-MetR\metR-Converter-PDF\storage\942fd6d3-c493-46d0-baed-af39dd5278f0\pre-xslt-output\command_control_and_coordination_of_emergency_re.dita","CONCEPT","concept_structural_rules.sch","ERROR","Gate 2","","ERROR: 137 consecutive <p> elements found more than 5 . These should be converted into a <ul>/<li> structure. First <p>: ""Rail Gauge The standard gauge is 1676 mm."""
"C:\Users\Metapercept\Desktop\Nilesh\New-MetR\metR-Converter-PDF\storage\942fd6d3-c493-46d0-baed-af39dd5278f0\pre-xslt-output\command_control_and_coordination_of_emergency_re.dita","CONCEPT","concept_structural_rules.sch","ERROR","Gate 2","","ERROR: 135 consecutive <p> elements found more than 5 . These should be converted into a <ul>/<li> structure. First <p>: ""Cross-level of the track is relative level difference between the two rail tables measured perpendicular to the track at the same point. It includes the variation in the super elevation in case of curve cross level to be recorded on every fourth sleeper or 3 mts apart. The cross level reading helps in calculating the TWIST available in the track. TWIST is calculated in mm/meters by using the formula"""
"C:\Users\Metapercept\Desktop\Nilesh\New-MetR\metR-Converter-PDF\storage\942fd6d3-c493-46d0-baed-af39dd5278f0\pre-xslt-output\command_control_and_coordination_of_emergency_re.dita","CONCEPT","concept_structural_rules.sch","ERROR","Gate 2","","ERROR: 131 consecutive <p> elements found more than 5 . These should be converted into a <ul>/<li> structure. First <p>: ""This defect of the track is not reflected in the gauge and cross level reading. Low joints, high joints, loose packing, sleepers and lifting of sleepers cause this defect. Long sags are not taken as unevenness. It is recorded for left and right rail separately. It is measured in terms of difference in longitudinal levels over' a fixed base. Unevenness gives rise to forced oscillations in a vehicle and can cause variations in the values of instantaneous Wheel load and lateral thrust. Para 607 of IRPWM classifies unevenness (measured on 3.6 Mts cord) above 15111m as category D."""
"C:\Users\Metapercept\Desktop\Nilesh\New-MetR\metR-Converter-PDF\storage\942fd6d3-c493-46d0-baed-af39dd5278f0\pre-xslt-output\command_control_and_coordination_of_emergency_re.dita","CONCEPT","concept_structural_rules.sch","ERROR","Gate 2","","ERROR: 130 consecutive <p> elements found more than 5 . These should be converted into a <ul>/<li> structure. First <p>: ""Versine and super elevation are measured for checking correctness of a curve. At the beginning and at the end of the curve, details of the curve are mentioned on the board. Radius of any curve is obtained by dividing 1750 mtrs, by its degree. Versine is calculated as:"""
"C:\Users\Metapercept\Desktop\Nilesh\New-MetR\metR-Converter-PDF\storage\942fd6d3-c493-46d0-baed-af39dd5278f0\pre-xslt-output\command_control_and_coordination_of_emergency_re.dita","CONCEPT","concept_structural_rules.sch","ERROR","Gate 2","","ERROR: 126 consecutive <p> elements found more than 5 . These should be converted into a <ul>/<li> structure. First <p>: ""The super elevation is calculated as:"""
"C:\Users\Metapercept\Desktop\Nilesh\New-MetR\metR-Converter-PDF\storage\942fd6d3-c493-46d0-baed-af39dd5278f0\pre-xslt-output\command_control_and_coordination_of_emergency_re.dita","CONCEPT","concept_structural_rules.sch","ERROR","Gate 2","","ERROR: 124 consecutive <p> elements found more than 5 . These should be converted into a <ul>/<li> structure. First <p>: ""It is a very important member in the track structure. It helps in maintaining track Geometry. The ballast resistance is affected by following factors - Ballast – Size, Material, Shape, State of consolidation, Type of sleeper, Cushion at Formation."""
"C:\Users\Metapercept\Desktop\Nilesh\New-MetR\metR-Converter-PDF\storage\942fd6d3-c493-46d0-baed-af39dd5278f0\pre-xslt-output\command_control_and_coordination_of_emergency_re.dita","CONCEPT","concept_structural_rules.sch","ERROR","Gate 2","","ERROR: 121 consecutive <p> elements found more than 5 . These should be converted into a <ul>/<li> structure. First <p>: ""The accident caused by rail fracture does not leave much room for investigation. The fractured rail is to be tested to find out the nature of the failure. The visual inspection can reveal whether the fracture was new or there was some old flow in the rail. For other derailments, the rail is measured for its wear. The rail wears out mostly on the top surface and gauge face. Rail wear can be vertical, lateral or angular. Angular wear Profile of new rail Vertical Wear"""
"C:\Users\Metapercept\Desktop\Nilesh\New-MetR\metR-Converter-PDF\storage\942fd6d3-c493-46d0-baed-af39dd5278f0\pre-xslt-output\command_control_and_coordination_of_emergency_re.dita","CONCEPT","concept_structural_rules.sch","ERROR","Gate 2","","ERROR: 120 consecutive <p> elements found more than 5 . These should be converted into a <ul>/<li> structure. First <p>: ""Worn profile"""
"C:\Users\Metapercept\Desktop\Nilesh\New-MetR\metR-Converter-PDF\storage\942fd6d3-c493-46d0-baed-af39dd5278f0\pre-xslt-output\command_control_and_coordination_of_emergency_re.dita","CONCEPT","concept_structural_rules.sch","ERROR","Gate 2","","ERROR: 114 consecutive <p> elements found more than 5 . These should be converted into a <ul>/<li> structure. First <p>: ""If sleeper suffer any damage or loss in property, it can cause derailment. While recording the gauge and level readings the condition of each sleeper must be carefully sleepers near point of mount."""
"C:\Users\Metapercept\Desktop\Nilesh\New-MetR\metR-Converter-PDF\storage\942fd6d3-c493-46d0-baed-af39dd5278f0\pre-xslt-output\command_control_and_coordination_of_emergency_re.dita","CONCEPT","concept_structural_rules.sch","ERROR","Gate 2","","ERROR: 113 consecutive <p> elements found more than 5 . These should be converted into a <ul>/<li> structure. First <p>: ""For different - type of sleepers, the rail fasteners are different Wooden sleepers - Dog spikes, Round head spikes, Steel keys Steel trough sleeper - steel keys"""
"C:\Users\Metapercept\Desktop\Nilesh\New-MetR\metR-Converter-PDF\storage\942fd6d3-c493-46d0-baed-af39dd5278f0\pre-xslt-output\command_control_and_coordination_of_emergency_re.dita","CONCEPT","concept_structural_rules.sch","ERROR","Gate 2","","ERROR: 110 consecutive <p> elements found more than 5 . These should be converted into a <ul>/<li> structure. First <p>: ""This is a silent but very dangerous phenomenon of the track. Creep is a longitudinal displacement of track and is caused by"""
"C:\Users\Metapercept\Desktop\Nilesh\New-MetR\metR-Converter-PDF\storage\942fd6d3-c493-46d0-baed-af39dd5278f0\pre-xslt-output\command_control_and_coordination_of_emergency_re.dita","CONCEPT","concept_structural_rules.sch","ERROR","Gate 2","","ERROR: 109 consecutive <p> elements found more than 5 . These should be converted into a <ul>/<li> structure. First <p>: ""accelerated if the rail fasteners are not able to hold the rails properly to the sleepers or rail seat on the sleepers is a damaged or bad joint in the track with out proper expansion gap."""
"C:\Users\Metapercept\Desktop\Nilesh\New-MetR\metR-Converter-PDF\storage\942fd6d3-c493-46d0-baed-af39dd5278f0\pre-xslt-output\command_control_and_coordination_of_emergency_re.dita","CONCEPT","concept_structural_rules.sch","ERROR","Gate 2","","ERROR: 107 consecutive <p> elements found more than 5 . These should be converted into a <ul>/<li> structure. First <p>: ""When a section of track buckles, about one or two rails length of the track leaves its place and moves side way. This also happens due to the rise in temperature and other reasons similar to the creep. The buckling may be horizontal or vertical. Buckling normally happens in the 2nd half of the day mostly, when the track has absorbed max. heat and also near the bridges, level crossings etc. where the track is firmly held in ground."""
"C:\Users\Metapercept\Desktop\Nilesh\New-MetR\metR-Converter-PDF\storage\942fd6d3-c493-46d0-baed-af39dd5278f0\pre-xslt-output\command_control_and_coordination_of_emergency_re.dita","CONCEPT","concept_structural_rules.sch","ERROR","Gate 2","","ERROR: 106 consecutive <p> elements found more than 5 . These should be converted into a <ul>/<li> structure. First <p>: ""‘alliance 2’ – couplets opening automatically."""
"C:\Users\Metapercept\Desktop\Nilesh\New-MetR\metR-Converter-PDF\storage\942fd6d3-c493-46d0-baed-af39dd5278f0\pre-xslt-output\command_control_and_coordination_of_emergency_re.dita","CONCEPT","concept_structural_rules.sch","ERROR","Gate 2","","ERROR: 87 consecutive <p> elements found more than 5 . These should be converted into a <ul>/<li> structure. First <p>: ""supply ac at 240 V, 50 Hz required for signalling and operationally essential lighting installations. To ensure a fairly steady voltage, automatic voltage regulators are also provided where required."""
"C:\Users\Metapercept\Desktop\Nilesh\New-MetR\metR-Converter-PDF\storage\942fd6d3-c493-46d0-baed-af39dd5278f0\pre-xslt-output\command_control_and_coordination_of_emergency_re.dita","CONCEPT","concept_structural_rules.sch","ERROR","Gate 2","","ERROR: 86 consecutive <p> elements found more than 5 . These should be converted into a <ul>/<li> structure. First <p>: ""each sub-sector."""
"C:\Users\Metapercept\Desktop\Nilesh\New-MetR\metR-Converter-PDF\storage\942fd6d3-c493-46d0-baed-af39dd5278f0\pre-xslt-output\command_control_and_coordination_of_emergency_re.dita","CONCEPT","concept_structural_rules.sch","ERROR","Gate 2","","ERROR: 85 consecutive <p> elements found more than 5 . These should be converted into a <ul>/<li> structure. First <p>: ""panel, telephone and batteries and battery chargers required for the control of interruptors and other similar equipments."""
"C:\Users\Metapercept\Desktop\Nilesh\New-MetR\metR-Converter-PDF\storage\942fd6d3-c493-46d0-baed-af39dd5278f0\pre-xslt-output\command_control_and_coordination_of_emergency_re.dita","CONCEPT","concept_structural_rules.sch","ERROR","Gate 2","","ERROR: 82 consecutive <p> elements found more than 5 . These should be converted into a <ul>/<li> structure. First <p>: ""current normally permissible on a single track is 600 A approximately, because of equivalent cross- sectional area of OHE. This current limit is based on the temperature limit of 85°C in contact wire. Certain sections in Waltair-Kirandul section have the catenary and contact wires together having an equivalent copper section of 200 mm2."""
"C:\Users\Metapercept\Desktop\Nilesh\New-MetR\metR-Converter-PDF\storage\942fd6d3-c493-46d0-baed-af39dd5278f0\pre-xslt-output\command_control_and_coordination_of_emergency_re.dita","CONCEPT","concept_structural_rules.sch","ERROR","Gate 2","","ERROR: 81 consecutive <p> elements found more than 5 . These should be converted into a <ul>/<li> structure. First <p>: ""lines taking off from main running line, tramway type OHE having only grooved hard drawn copper contact wire of 107 mm2 section is provided."""
"C:\Users\Metapercept\Desktop\Nilesh\New-MetR\metR-Converter-PDF\storage\942fd6d3-c493-46d0-baed-af39dd5278f0\pre-xslt-output\command_control_and_coordination_of_emergency_re.dita","CONCEPT","concept_structural_rules.sch","ERROR","Gate 2","","ERROR: 72 consecutive <p> elements found more than 5 . These should be converted into a <ul>/<li> structure. First <p>: ""Regulated and Unregulated OHE"""
"C:\Users\Metapercept\Desktop\Nilesh\New-MetR\metR-Converter-PDF\storage\942fd6d3-c493-46d0-baed-af39dd5278f0\pre-xslt-output\command_control_and_coordination_of_emergency_re.dita","CONCEPT","concept_structural_rules.sch","ERROR","Gate 2","","ERROR: 67 consecutive <p> elements found more than 5 . These should be converted into a <ul>/<li> structure. First <p>: ""GENERAL DESCRIPTION OF ELECTRIC ROLLING STOCK (Back to Index)"""
"C:\Users\Metapercept\Desktop\Nilesh\New-MetR\metR-Converter-PDF\storage\942fd6d3-c493-46d0-baed-af39dd5278f0\pre-xslt-output\command_control_and_coordination_of_emergency_re.dita","CONCEPT","concept_structural_rules.sch","ERROR","Gate 2","","ERROR: 58 consecutive <p> elements found more than 5 . These should be converted into a <ul>/<li> structure. First <p>: ""In addition two types of BG DC EMUs converted for AC working are in use on the Eastern Railway."""
"C:\Users\Metapercept\Desktop\Nilesh\New-MetR\metR-Converter-PDF\storage\942fd6d3-c493-46d0-baed-af39dd5278f0\pre-xslt-output\command_control_and_coordination_of_emergency_re.dita","CONCEPT","concept_structural_rules.sch","ERROR","Gate 2","","ERROR: 52 consecutive <p> elements found more than 5 . These should be converted into a <ul>/<li> structure. First <p>: ""-- Air Blast Circuit breaker -- Vacuum Circuit breaker"""
"C:\Users\Metapercept\Desktop\Nilesh\New-MetR\metR-Converter-PDF\storage\942fd6d3-c493-46d0-baed-af39dd5278f0\pre-xslt-output\command_control_and_coordination_of_emergency_re.dita","CONCEPT","concept_structural_rules.sch","ERROR","Gate 2","","ERROR: 49 consecutive <p> elements found more than 5 . These should be converted into a <ul>/<li> structure. First <p>: ""Power to the traction vehicles is available at 25 kV ac single phase from the contact wire. In order to step down the voltage as well as to control the same for feeding to the traction motors, the traction power transformers are provided on the traction vehicles."""
"C:\Users\Metapercept\Desktop\Nilesh\New-MetR\metR-Converter-PDF\storage\942fd6d3-c493-46d0-baed-af39dd5278f0\pre-xslt-output\command_control_and_coordination_of_emergency_re.dita","CONCEPT","concept_structural_rules.sch","ERROR","Gate 2","","ERROR: 38 consecutive <p> elements found more than 5 . These should be converted into a <ul>/<li> structure. First <p>: ""CREW LINKS, LOCO LINKS AND POWER PLAN (Back to Index)"""
"C:\Users\Metapercept\Desktop\Nilesh\New-MetR\metR-Converter-PDF\storage\942fd6d3-c493-46d0-baed-af39dd5278f0\pre-xslt-output\command_control_and_coordination_of_emergency_re.dita","CONCEPT","concept_structural_rules.sch","ERROR","Gate 2","","ERROR: 36 consecutive <p> elements found more than 5 . These should be converted into a <ul>/<li> structure. First <p>: ""by STA (Senoir technical assistant) of the division."""
"C:\Users\Metapercept\Desktop\Nilesh\New-MetR\metR-Converter-PDF\storage\942fd6d3-c493-46d0-baed-af39dd5278f0\pre-xslt-output\command_control_and_coordination_of_emergency_re.dita","CONCEPT","concept_structural_rules.sch","ERROR","Gate 2","","ERROR: 35 consecutive <p> elements found more than 5 . These should be converted into a <ul>/<li> structure. First <p>: ""by personnel branch."""
"C:\Users\Metapercept\Desktop\Nilesh\New-MetR\metR-Converter-PDF\storage\942fd6d3-c493-46d0-baed-af39dd5278f0\pre-xslt-output\command_control_and_coordination_of_emergency_re.dita","CONCEPT","concept_structural_rules.sch","ERROR","Gate 2","","ERROR: 34 consecutive <p> elements found more than 5 . These should be converted into a <ul>/<li> structure. First <p>: ""DOM/DOM. A list of shunting' points and DMTs running to be prepared and signed by Sr. DOM/DOM."""
"C:\Users\Metapercept\Desktop\Nilesh\New-MetR\metR-Converter-PDF\storage\942fd6d3-c493-46d0-baed-af39dd5278f0\pre-xslt-output\command_control_and_coordination_of_emergency_re.dita","CONCEPT","concept_structural_rules.sch","ERROR","Gate 2","","ERROR: 33 consecutive <p> elements found more than 5 . These should be converted into a <ul>/<li> structure. First <p>: ""links."""
"C:\Users\Metapercept\Desktop\Nilesh\New-MetR\metR-Converter-PDF\storage\942fd6d3-c493-46d0-baed-af39dd5278f0\pre-xslt-output\command_control_and_coordination_of_emergency_re.dita","CONCEPT","concept_structural_rules.sch","ERROR","Gate 2","","ERROR: 32 consecutive <p> elements found more than 5 . These should be converted into a <ul>/<li> structure. First <p>: ""DME(P) and Sr. DOM. 7.67 Crews are to be demanded for one freight POL. Separate crews to be demanded for the activities which cannot been covered in power plan e.g., Light engine and Empty coaching rakes running etc."""
"C:\Users\Metapercept\Desktop\Nilesh\New-MetR\metR-Converter-PDF\storage\942fd6d3-c493-46d0-baed-af39dd5278f0\pre-xslt-output\command_control_and_coordination_of_emergency_re.dita","CONCEPT","concept_structural_rules.sch","ERROR","Gate 2","","ERROR: 31 consecutive <p> elements found more than 5 . These should be converted into a <ul>/<li> structure. First <p>: ""requirement."""
"C:\Users\Metapercept\Desktop\Nilesh\New-MetR\metR-Converter-PDF\storage\942fd6d3-c493-46d0-baed-af39dd5278f0\pre-xslt-output\command_control_and_coordination_of_emergency_re.dita","CONCEPT","concept_structural_rules.sch","ERROR","Gate 2","","ERROR: 30 consecutive <p> elements found more than 5 . These should be converted into a <ul>/<li> structure. First <p>: ""be demanded. Leave reserve and trainee post to be demanded separately."""
"C:\Users\Metapercept\Desktop\Nilesh\New-MetR\metR-Converter-PDF\storage\942fd6d3-c493-46d0-baed-af39dd5278f0\pre-xslt-output\command_control_and_coordination_of_emergency_re.dita","CONCEPT","concept_structural_rules.sch","ERROR","Gate 2","","ERROR: 29 consecutive <p> elements found more than 5 . These should be converted into a <ul>/<li> structure. First <p>: ""where no assistant loco pilot is required)."""
"C:\Users\Metapercept\Desktop\Nilesh\New-MetR\metR-Converter-PDF\storage\942fd6d3-c493-46d0-baed-af39dd5278f0\pre-xslt-output\command_control_and_coordination_of_emergency_re.dita","CONCEPT","concept_structural_rules.sch","ERROR","Gate 2","","ERROR: 28 consecutive <p> elements found more than 5 . These should be converted into a <ul>/<li> structure. First <p>: ""sanction."""
"C:\Users\Metapercept\Desktop\Nilesh\New-MetR\metR-Converter-PDF\storage\942fd6d3-c493-46d0-baed-af39dd5278f0\pre-xslt-output\command_control_and_coordination_of_emergency_re.dita","CONCEPT","concept_structural_rules.sch","ERROR","Gate 2","","ERROR: 25 consecutive <p> elements found more than 5 . These should be converted into a <ul>/<li> structure. First <p>: ""Objective of crew links is to ensure optimum utilization of crews."""
"C:\Users\Metapercept\Desktop\Nilesh\New-MetR\metR-Converter-PDF\storage\942fd6d3-c493-46d0-baed-af39dd5278f0\pre-xslt-output\command_control_and_coordination_of_emergency_re.dita","CONCEPT","concept_structural_rules.sch","ERROR","Gate 2","","ERROR: 24 consecutive <p> elements found more than 5 . These should be converted into a <ul>/<li> structure. First <p>: ""22 hrs. to 6 hrs. from sign off to sign on."""
"C:\Users\Metapercept\Desktop\Nilesh\New-MetR\metR-Converter-PDF\storage\942fd6d3-c493-46d0-baed-af39dd5278f0\pre-xslt-output\command_control_and_coordination_of_emergency_re.dita","CONCEPT","concept_structural_rules.sch","ERROR","Gate 2","","ERROR: 23 consecutive <p> elements found more than 5 . These should be converted into a <ul>/<li> structure. First <p>: ""again and again."""
"C:\Users\Metapercept\Desktop\Nilesh\New-MetR\metR-Converter-PDF\storage\942fd6d3-c493-46d0-baed-af39dd5278f0\pre-xslt-output\command_control_and_coordination_of_emergency_re.dita","CONCEPT","concept_structural_rules.sch","ERROR","Gate 2","","ERROR: 22 consecutive <p> elements found more than 5 . These should be converted into a <ul>/<li> structure. First <p>: ""sign off to sign on. In case duty is 8 hrs or more than 8 hrs, then 8 hrs. rest to be given. In case of short trips of less than or equal to 5 hours then duty performed plus 1 hrs. will be sufficient."""
"C:\Users\Metapercept\Desktop\Nilesh\New-MetR\metR-Converter-PDF\storage\942fd6d3-c493-46d0-baed-af39dd5278f0\pre-xslt-output\command_control_and_coordination_of_emergency_re.dita","CONCEPT","concept_structural_rules.sch","ERROR","Gate 2","","ERROR: 21 consecutive <p> elements found more than 5 . These should be converted into a <ul>/<li> structure. First <p>: ""and so on."""
"C:\Users\Metapercept\Desktop\Nilesh\New-MetR\metR-Converter-PDF\storage\942fd6d3-c493-46d0-baed-af39dd5278f0\pre-xslt-output\command_control_and_coordination_of_emergency_re.dita","CONCEPT","concept_structural_rules.sch","ERROR","Gate 2","","ERROR: 20 consecutive <p> elements found more than 5 . These should be converted into a <ul>/<li> structure. First <p>: ""Chronic late running trains should be kept in view to avoid link failures."""
"C:\Users\Metapercept\Desktop\Nilesh\New-MetR\metR-Converter-PDF\storage\942fd6d3-c493-46d0-baed-af39dd5278f0\pre-xslt-output\command_control_and_coordination_of_emergency_re.dita","CONCEPT","concept_structural_rules.sch","ERROR","Gate 2","","ERROR: 18 consecutive <p> elements found more than 5 . These should be converted into a <ul>/<li> structure. First <p>: ""power links is to ensure optimum utilization of powers."""
"C:\Users\Metapercept\Desktop\Nilesh\New-MetR\metR-Converter-PDF\storage\942fd6d3-c493-46d0-baed-af39dd5278f0\pre-xslt-output\command_control_and_coordination_of_emergency_re.dita","CONCEPT","concept_structural_rules.sch","ERROR","Gate 2","","ERROR: 17 consecutive <p> elements found more than 5 . These should be converted into a <ul>/<li> structure. First <p>: ""schedule time"""
"C:\Users\Metapercept\Desktop\Nilesh\New-MetR\metR-Converter-PDF\storage\942fd6d3-c493-46d0-baed-af39dd5278f0\pre-xslt-output\command_control_and_coordination_of_emergency_re.dita","CONCEPT","concept_structural_rules.sch","ERROR","Gate 2","","ERROR: 16 consecutive <p> elements found more than 5 . These should be converted into a <ul>/<li> structure. First <p>: ""POWER REQUIREMENT (POWER PLAN) (A)"""
"C:\Users\Metapercept\Desktop\Nilesh\New-MetR\metR-Converter-PDF\storage\942fd6d3-c493-46d0-baed-af39dd5278f0\pre-xslt-output\command_control_and_coordination_of_emergency_re.dita","CONCEPT","concept_structural_rules.sch","ERROR","Gate 2","","ERROR: 15 consecutive <p> elements found more than 5 . These should be converted into a <ul>/<li> structure. First <p>: ""signed by Sr.DME(P) and Sr.DOM to be prepared."""
"C:\Users\Metapercept\Desktop\Nilesh\New-MetR\metR-Converter-PDF\storage\942fd6d3-c493-46d0-baed-af39dd5278f0\pre-xslt-output\command_control_and_coordination_of_emergency_re.dita","CONCEPT","concept_structural_rules.sch","ERROR","Gate 2","","ERROR: 14 consecutive <p> elements found more than 5 . These should be converted into a <ul>/<li> structure. First <p>: ""Bare POL = PDD + HOR + PAD (POL=Power on line ; PDD = Pre departure detention; HOR=Hours on road; PAD=Post arrival detention)"""
"C:\Users\Metapercept\Desktop\Nilesh\New-MetR\metR-Converter-PDF\storage\942fd6d3-c493-46d0-baed-af39dd5278f0\pre-xslt-output\command_control_and_coordination_of_emergency_re.dita","CONCEPT","concept_structural_rules.sch","ERROR","Gate 2","","ERROR: 13 consecutive <p> elements found more than 5 . These should be converted into a <ul>/<li> structure. First <p>: ""POL for the purpose of calculation of average kilometers to be added in the bare requirement."""
"C:\Users\Metapercept\Desktop\Nilesh\New-MetR\metR-Converter-PDF\storage\942fd6d3-c493-46d0-baed-af39dd5278f0\pre-xslt-output\command_control_and_coordination_of_emergency_re.dita","CONCEPT","concept_structural_rules.sch","ERROR","Gate 2","","ERROR: 12 consecutive <p> elements found more than 5 . These should be converted into a <ul>/<li> structure. First <p>: ""and Mail lie over to be added in the POL calculated above."""
"C:\Users\Metapercept\Desktop\Nilesh\New-MetR\metR-Converter-PDF\storage\942fd6d3-c493-46d0-baed-af39dd5278f0\pre-xslt-output\command_control_and_coordination_of_emergency_re.dita","CONCEPT","concept_structural_rules.sch","ERROR","Gate 2","","ERROR: 11 consecutive <p> elements found more than 5 . These should be converted into a <ul>/<li> structure. First <p>: ""major repair allowance."""
"C:\Users\Metapercept\Desktop\Nilesh\New-MetR\metR-Converter-PDF\storage\942fd6d3-c493-46d0-baed-af39dd5278f0\pre-xslt-output\command_control_and_coordination_of_emergency_re.dita","CONCEPT","concept_structural_rules.sch","ERROR","Gate 2","","ERROR: 10 consecutive <p> elements found more than 5 . These should be converted into a <ul>/<li> structure. First <p>: ""1 loco as overlap against 06 loco. Add 10% for major repairs."""
"C:\Users\Metapercept\Desktop\Nilesh\New-MetR\metR-Converter-PDF\storage\942fd6d3-c493-46d0-baed-af39dd5278f0\pre-xslt-output\command_control_and_coordination_of_emergency_re.dita","CONCEPT","concept_structural_rules.sch","ERROR","Gate 2","","ERROR: 9 consecutive <p> elements found more than 5 . These should be converted into a <ul>/<li> structure. First <p>: ""loco utilization."""
"C:\Users\Metapercept\Desktop\Nilesh\New-MetR\metR-Converter-PDF\storage\942fd6d3-c493-46d0-baed-af39dd5278f0\pre-xslt-output\command_control_and_coordination_of_emergency_re.dita","CONCEPT","concept_structural_rules.sch","ERROR","Gate 2","","ERROR: 7 consecutive <p> elements found more than 5 . These should be converted into a <ul>/<li> structure. First <p>: ""Coaching Locos (Railway Board Letter No.92/Elect (TRS)/138/5 Pt. I, dated 18.01.2001 & Railway Board Letter No.9/Elect (TRS)/138/5 Pt.II, dated 21.12.001)"""
"C:\Users\Metapercept\Desktop\Nilesh\New-MetR\metR-Converter-PDF\storage\942fd6d3-c493-46d0-baed-af39dd5278f0\pre-xslt-output\command_control_and_coordination_of_emergency_re.dita","CONCEPT","concept_structural_rules.sch","ERROR","Gate 2","","ERROR: 6 consecutive <p> elements found more than 5 . These should be converted into a <ul>/<li> structure. First <p>: ""Freight Locos Railway Board Letter No.92/Elect (TRS)/138/5 Pt. I, dated 18.01.2001)"""
"C:\Users\Metapercept\Desktop\Nilesh\New-MetR\metR-Converter-PDF\storage\942fd6d3-c493-46d0-baed-af39dd5278f0\pre-xslt-output\command_control_and_coordination_of_emergency_re.dita","CONCEPT","DITA2_content_model.sch","ERROR","Gate 3","CM-FIG","[CM-FIG] <table> is not a permitted child of <fig> per the DITA 2.0 DTD. Permitted children: b i title desc figgroup dl div image lines lq note object ol p pre sl ul data data-about fn foreign unknown simpletable xref."
"C:\Users\Metapercept\Desktop\Nilesh\New-MetR\metR-Converter-PDF\storage\942fd6d3-c493-46d0-baed-af39dd5278f0\pre-xslt-output\operating_manualtraffic.ditamap","MAP","map_structural_rules.sch","WARNING","Gate 2","MAP-001","[MAP-001] <map> root element should have an @id attribute."
